Workbook
Name Table1: #REF!

Sheet DIV_A
A1: SIES JUNIOR COLLEGE OF COMMERCE, NERUL
A2: FYJC ( DIV A ) MARKSHEET - 2024-2025
C3: ENGLISH | K3: HINDI / IT | S3: Economics | AA3: B.K. & A/C | AI3: OC | AQ3: MATHS I | AU3: MATHS II | AY3: Maths Total | BG3: SP
A4: ROLL NO | B4: STUDENT NAME | C4: ENG UNIT I | D4: ENG TERM I | E4: ENGUNIT II | F4: ENG INT | G4: ENG ANNUAL | H4: ENG TOT | I4: ENG AVG | J4: ENG GRACE | K4: IT UNIT I | L4: IT TERM I | M4: IT UNIT II | N4: IT Pract | O4: IT Annual | P4: IT Total | Q4: IT AVG | R4: IT GRACE | S4: ECO UNIT I | T4: ECO TERM I | U4: ECO UNIT II | V4: ECO INT | W4: ECO ANNUAL | X4: ECO TOT | Y4: ECO AVG | Z4: ECO GRACE | AA4: BK UNIT I | AB4: BK TERM I | AC4: BK UNIT II | AD4: BK INT | AE4: BK ANNUAL | AF4: BK TOT | AG4: BK AVG | AH4: BK GRACE | AI4: OC UNIT I | AJ4: OC TERM 1 | AK4: OC UNIT II | AL4: OC INT | AM4: OC ANNUAL | AN4: OC TOT | AO4: OC AVG | AP4: OC GRACE | AQ4: UNIT I | AR4: TERM I | AS4: UNIT II | AT4: MATH I ANNUAL | AU4: MATH II UNIT I | AV4: MATH II TERM I | AW4: MATH II UNIT II | AX4: MATH II ANNUAL | AY4: MATHSUNIT I | AZ4: MATHS TERM I | BA4: MATHS UNIT II | BB4: MATHS INT | BC4: MATHS ANNUAL | BD4: MATHS TOT | BE4: MATHS AVG | BF4: MATHS GRACE | BG4: SP UNIT I | BH4: SP TERM I | BI4: SP UNIT II | BJ4: SP INT | BK4: MATHS ANNUAL | BL4: MATHS TOT | BM4: MATHS AVG | BN4: MATHS GRACE | BO4: EVS | BP4: PE | BQ4: Total Grace | BR4: TOTAL | BS4: % | BT4: Result | BU4: Subject
C5: 25 | D5: 50 | E5: 25 | F5: 20 | G5: 80 | H5: 200 | I5: 100 | K5: 25 | L5: 50 | M5: 25 | N5: 20 | O5: 80 | P5: 200 | Q5: 100 | S5: 25 | T5: 50 | U5: 25 | V5: 20 | W5: 80 | X5: 200 | Y5: 100 | AA5: 25 | AB5: 50 | AC5: 25 | AD5: 20 | AE5: 80 | AF5: 200 | AG5: 100 | AI5: 25 | AJ5: 50 | AK5: 25 | AL5: 20 | AM5: 80 | AN5: 200 | AO5: 100 | AQ5: 13 | AR5: 25 | AS5: 12 | AT5: 40 | AU5: 12 | AV5: 25 | AW5: 13 | AX5: 40 | AY5: 25 | AZ5: 50 | BA5: 25 | BB5: 20 | BC5: 80 | BD5: 200 | BE5: 100 | BG5: 25 | BH5: 50 | BI5: 25 | BJ5: 20 | BK5: 80 | BL5: 200 | BM5: 100
A6: 1 | B6: AGRAWAL RITH MUKESH | C6: 20 | D6: 30 | E6: 18 | F6: 18 | G6: 65 | H6: =ROUND(SUM(C6:G6),0) -> 151 | I6: =ROUND(H6/2,0) -> 76 | K6: 21 | L6: 44 | M6: 17 | N6: 18 | O6: 68 | P6: =ROUND(SUM(K6:O6),0) -> 168 | Q6: =ROUND(P6/2,0) -> 84 | S6: 19 | T6: 45 | U6: 22 | V6: 20 | W6: 71 | X6: =ROUND(SUM(S6:W6),0) -> 177 | Y6: =ROUND(X6/2,0) -> 89 | AA6: 25 | AB6: 32 | AC6: 19 | AD6: 19 | AE6: 58 | AF6: =ROUND(SUM(AA6:AE6),0) -> 153 | AG6: =ROUND(AF6/2,0) -> 77 | AI6: 25 | AJ6: 48 | AK6: 22 | AL6: 19 | AM6: 70 | AN6: =ROUND(SUM(AI6:AM6),0) -> 184 | AO6: =ROUND(AN6/2,0) -> 92 | AQ6: 12 | AR6: 21.5 | AS6: 12 | AT6: 31 | AU6: 6 | AV6: 19 | AW6: 5.5 | AX6: 28 | AY6: =ROUND(AQ6+AU6,0) -> 18 | AZ6: =ROUND(AR6+AV6,0) -> 41 | BA6: =ROUND(AS6+AW6,0) -> 18 | BB6: 20 | BC6: =ROUND(AT6+AX6,0) -> 59 | BD6: =SUM(AY6:BC6) -> 156 | BE6: =ROUND(BD6/2,0) -> 78 | BO6: A | BP6: A | BR6: =ROUND(I6+Q6+Y6+AG6+AO6+BE6,0) -> 496 | BS6: =BR6/6 -> 82.666667 | BT6: =IF(BS6>=75,"GRADE I with Distinction",IF(BS6>=60,"GRADE I",IF(BS6>=45,"GRADE II",IF(BS6>=35,"PASS","FAIL")))) -> GRADE I with Distinction
A7: 2 | B7: ARYA PRAVIN SHAH | C7: 14 | D7: 31 | E7: 17 | F7: 18 | G7: 60 | H7: =ROUND(SUM(C7:G7),0) -> 140 | I7: =ROUND(H7/2,0) -> 70 | K7: 22 | L7: 47 | M7: 19 | N7: 20 | O7: 65 | P7: =ROUND(SUM(K7:O7),0) -> 173 | Q7: =ROUND(P7/2,0) -> 87 | S7: 25 | T7: 42 | U7: 21 | V7: 20 | W7: 74 | X7: =ROUND(SUM(S7:W7),0) -> 182 | Y7: =ROUND(X7/2,0) -> 91 | AA7: 22 | AB7: 36 | AC7: 22 | AD7: 19 | AE7: 50 | AF7: =ROUND(SUM(AA7:AE7),0) -> 149 | AG7: =ROUND(AF7/2,0) -> 75 | AI7: 17 | AJ7: 43 | AK7: 18 | AL7: 19 | AM7: 66 | AN7: =ROUND(SUM(AI7:AM7),0) -> 163 | AO7: =ROUND(AN7/2,0) -> 82 | AQ7: 13 | AR7: 24 | AS7: 10 | AT7: 36 | AU7: 12 | AV7: 22.5 | AW7: 11 | AX7: 34 | AY7: =ROUND(AQ7+AU7,0) -> 25 | AZ7: =ROUND(AR7+AV7,0) -> 47 | BA7: =ROUND(AS7+AW7,0) -> 21 | BB7: 20 | BC7: =ROUND(AT7+AX7,0) -> 70 | BD7: =SUM(AY7:BC7) -> 183 | BE7: =ROUND(BD7/2,0) -> 92 | BO7: A | BP7: A | BR7: =ROUND(I7+Q7+Y7+AG7+AO7+BE7,0) -> 497 | BS7: =BR7/6 -> 82.833333 | BT7: =IF(BS7>=75,"GRADE I with Distinction",IF(BS7>=60,"GRADE I",IF(BS7>=45,"GRADE II",IF(BS7>=35,"PASS","FAIL")))) -> GRADE I with Distinction
A8: 3 | B8: BARI DRUSHTI PRAFULL | C8: 12 | D8: 36 | E8: 20 | F8: 16 | G8: 73 | H8: =ROUND(SUM(C8:G8),0) -> 157 | I8: =ROUND(H8/2,0) -> 79 | K8: 16 | L8: 43 | M8: 16 | N8: 20 | O8: 48 | P8: =ROUND(SUM(K8:O8),0) -> 143 | Q8: =ROUND(P8/2,0) -> 72 | S8: 24 | T8: 43 | U8: 21 | V8: 20 | W8: 75 | X8: =ROUND(SUM(S8:W8),0) -> 183 | Y8: =ROUND(X8/2,0) -> 92 | AA8: 25 | AB8: 43 | AC8: 21 | AD8: 17 | AE8: 71 | AF8: =ROUND(SUM(AA8:AE8),0) -> 177 | AG8: =ROUND(AF8/2,0) -> 89 | AI8: 25 | AJ8: 49 | AK8: 21 | AL8: 18 | AM8: 74 | AN8: =ROUND(SUM(AI8:AM8),0) -> 187 | AO8: =ROUND(AN8/2,0) -> 94 | AQ8: 13 | AR8: 24 | AS8: 9 | AT8: 32 | AU8: 10 | AV8: 23 | AW8: 9.5 | AX8: 36 | AY8: =ROUND(AQ8+AU8,0) -> 23 | AZ8: =ROUND(AR8+AV8,0) -> 47 | BA8: =ROUND(AS8+AW8,0) -> 19 | BB8: 16 | BC8: =ROUND(AT8+AX8,0) -> 68 | BD8: =SUM(AY8:BC8) -> 173 | BE8: =ROUND(BD8/2,0) -> 87 | BO8: A | BP8: A | BR8: =ROUND(I8+Q8+Y8+AG8+AO8+BE8,0) -> 513 | BS8: =BR8/6 -> 85.5 | BT8: =IF(BS8>=75,"GRADE I with Distinction",IF(BS8>=60,"GRADE I",IF(BS8>=45,"GRADE II",IF(BS8>=35,"PASS","FAIL")))) -> GRADE I with Distinction
A9: 4 | B9: BAWASKAR ANIKET KASHINATH | C9: 12 | D9: 32 | E9: 16 | F9: 18 | G9: 56 | H9: =ROUND(SUM(C9:G9),0) -> 134 | I9: =ROUND(H9/2,0) -> 67 | K9: 15 | L9: 44 | M9: 9 | N9: 20 | O9: 55 | P9: =ROUND(SUM(K9:O9),0) -> 143 | Q9: =ROUND(P9/2,0) -> 72 | S9: 24 | T9: 46 | U9: 21 | V9: 18 | W9: 73 | X9: =ROUND(SUM(S9:W9),0) -> 182 | Y9: =ROUND(X9/2,0) -> 91 | AA9: 25 | AB9: 34 | AC9: 7 | AD9: 18 | AE9: 45 | AF9: =ROUND(SUM(AA9:AE9),0) -> 129 | AG9: =ROUND(AF9/2,0) -> 65 | AI9: 24 | AJ9: 48 | AK9: 18 | AL9: 20 | AM9: 74 | AN9: =ROUND(SUM(AI9:AM9),0) -> 184 | AO9: =ROUND(AN9/2,0) -> 92 | AQ9: 9 | AR9: 10 | AS9: 5 | AT9: 25 | AU9: 4 | AV9: 14 | AW9: 3 | AX9: 11 | AY9: =ROUND(AQ9+AU9,0) -> 13 | AZ9: =ROUND(AR9+AV9,0) -> 24 | BA9: =ROUND(AS9+AW9,0) -> 8 | BB9: 16 | BC9: =ROUND(AT9+AX9,0) -> 36 | BD9: =SUM(AY9:BC9) -> 97 | BE9: =ROUND(BD9/2,0) -> 49 | BO9: A | BP9: A | BR9: =ROUND(I9+Q9+Y9+AG9+AO9+BE9,0) -> 436 | BS9: =BR9/6 -> 72.666667 | BT9: =IF(BS9>=75,"GRADE I with Distinction",IF(BS9>=60,"GRADE I",IF(BS9>=45,"GRADE II",IF(BS9>=35,"PASS","FAIL")))) -> GRADE I
A10: 5 | B10: BHOLE ARPITA VILAS | C10: 14 | D10: 27 | E10: 16 | F10: 18 | G10: 55 | H10: =ROUND(SUM(C10:G10),0) -> 130 | I10: =ROUND(H10/2,0) -> 65 | K10: 9 | L10: 35 | M10: 11 | N10: 20 | O10: 55 | P10: =ROUND(SUM(K10:O10),0) -> 130 | Q10: =ROUND(P10/2,0) -> 65 | S10: 16 | T10: 41 | U10: 20 | V10: 19 | W10: 56 | X10: =ROUND(SUM(S10:W10),0) -> 152 | Y10: =ROUND(X10/2,0) -> 76 | AA10: 23 | AB10: 33 | AC10: 24 | AD10: 17 | AE10: 48 | AF10: =ROUND(SUM(AA10:AE10),0) -> 145 | AG10: =ROUND(AF10/2,0) -> 73 | AI10: 25 | AJ10: 35 | AK10: 12 | AL10: 19 | AM10: 57 | AN10: =ROUND(SUM(AI10:AM10),0) -> 148 | AO10: =ROUND(AN10/2,0) -> 74 | AQ10: 13 | AR10: 11.5 | AS10: 9 | AT10: 24 | AU10: 9 | AV10: 17.5 | AW10: 4.5 | AX10: 25 | AY10: =ROUND(AQ10+AU10,0) -> 22 | AZ10: =ROUND(AR10+AV10,0) -> 29 | BA10: =ROUND(AS10+AW10,0) -> 14 | BB10: 20 | BC10: =ROUND(AT10+AX10,0) -> 49 | BD10: =SUM(AY10:BC10) -> 134 | BE10: =ROUND(BD10/2,0) -> 67 | BO10: A | BP10: A | BR10: =ROUND(I10+Q10+Y10+AG10+AO10+BE10,0) -> 420 | BS10: =BR10/6 -> 70 | BT10: =IF(BS10>=75,"GRADE I with Distinction",IF(BS10>=60,"GRADE I",IF(BS10>=45,"GRADE II",IF(BS10>=35,"PASS","FAIL")))) -> GRADE I
A11: 6 | B11: BISHT SIMRAN PADAM | C11: 12 | D11: 29 | E11: 14 | F11: 18 | G11: 52 | H11: =ROUND(SUM(C11:G11),0) -> 125 | I11: =ROUND(H11/2,0) -> 63 | K11: 15 | L11: 41 | M11: 17 | N11: 19 | O11: 55 | P11: =ROUND(SUM(K11:O11),0) -> 147 | Q11: =ROUND(P11/2,0) -> 74 | S11: 23 | T11: 42 | U11: 15 | V11: 19 | W11: 65 | X11: =ROUND(SUM(S11:W11),0) -> 164 | Y11: =ROUND(X11/2,0) -> 82 | AA11: 20 | AB11: 26 | AC11: 19 | AD11: 19 | AE11: 44 | AF11: =ROUND(SUM(AA11:AE11),0) -> 128 | AG11: =ROUND(AF11/2,0) -> 64 | AI11: 21 | AJ11: 50 | AK11: 16 | AL11: 20 | AM11: 58 | AN11: =ROUND(SUM(AI11:AM11),0) -> 165 | AO11: =ROUND(AN11/2,0) -> 83 | AQ11: 10 | AR11: 12 | AS11: 5.5 | AT11: 16 | AU11: 9.5 | AV11: 11.5 | AW11: 6 | AX11: 19 | AY11: =ROUND(AQ11+AU11,0) -> 20 | AZ11: =ROUND(AR11+AV11,0) -> 24 | BA11: =ROUND(AS11+AW11,0) -> 12 | BB11: 14 | BC11: =ROUND(AT11+AX11,0) -> 35 | BD11: =SUM(AY11:BC11) -> 105 | BE11: =ROUND(BD11/2,0) -> 53 | BO11: A | BP11: A | BR11: =ROUND(I11+Q11+Y11+AG11+AO11+BE11,0) -> 419 | BS11: =BR11/6 -> 69.833333 | BT11: =IF(BS11>=75,"GRADE I with Distinction",IF(BS11>=60,"GRADE I",IF(BS11>=45,"GRADE II",IF(BS11>=35,"PASS","FAIL")))) -> GRADE I
A12: 7 | B12: DAMA NISHA | C12: 11 | D12: 32 | E12: 19 | F12: 16 | G12: 55 | H12: =ROUND(SUM(C12:G12),0) -> 133 | I12: =ROUND(H12/2,0) -> 67 | K12: 8 | L12: 47 | M12: 10 | N12: 19 | O12: 48 | P12: =ROUND(SUM(K12:O12),0) -> 132 | Q12: =ROUND(P12/2,0) -> 66 | S12: 23 | T12: 42 | U12: 18 | V12: 19 | W12: 72 | X12: =ROUND(SUM(S12:W12),0) -> 174 | Y12: =ROUND(X12/2,0) -> 87 | AA12: 17 | AB12: 18 | AC12: 10 | AD12: 17 | AE12: 41 | AF12: =ROUND(SUM(AA12:AE12),0) -> 103 | AG12: =ROUND(AF12/2,0) -> 52 | AI12: 19 | AJ12: 45 | AK12: 16 | AL12: 17 | AM12: 64 | AN12: =ROUND(SUM(AI12:AM12),0) -> 161 | AO12: =ROUND(AN12/2,0) -> 81 | AS12: SP | AW12: SP | AX12: SP | BG12: 0 | BH12: 15 | BI12: 13 | BJ12: 16 | BK12: 66 | BL12: =SUM(BG12:BK12) -> 110 | BM12: =110/2 -> 55 | BO12: A | BP12: A | BR12: =ROUND(I12+Q12+Y12+AG12+AO12+BE12,0) -> 353 | BS12: =BR12/6 -> 58.833333 | BT12: =IF(BS12>=75,"GRADE I with Distinction",IF(BS12>=60,"GRADE I",IF(BS12>=45,"GRADE II",IF(BS12>=35,"PASS","FAIL")))) -> GRADE II
A13: 8 | B13: DAVID JOHN | C13: 10 | D13: 29 | E13: 16 | F13: 16 | G13: 57 | H13: =ROUND(SUM(C13:G13),0) -> 128 | I13: =ROUND(H13/2,0) -> 64 | K13: 20 | L13: 48 | M13: 18 | N13: 20 | O13: 76 | P13: =ROUND(SUM(K13:O13),0) -> 182 | Q13: =ROUND(P13/2,0) -> 91 | S13: 25 | T13: 44 | U13: 21 | V13: 19 | W13: 74 | X13: =ROUND(SUM(S13:W13),0) -> 183 | Y13: =ROUND(X13/2,0) -> 92 | AA13: 25 | AB13: 43 | AC13: 25 | AD13: 19 | AE13: 73 | AF13: =ROUND(SUM(AA13:AE13),0) -> 185 | AG13: =ROUND(AF13/2,0) -> 93 | AI13: 25 | AJ13: 50 | AK13: 25 | AL13: 20 | AM13: 79 | AN13: =ROUND(SUM(AI13:AM13),0) -> 199 | AO13: =ROUND(AN13/2,0) -> 100 | AQ13: 10 | AR13: 25 | AS13: 9 | AT13: 30 | AU13: 11 | AV13: 24.5 | AW13: 9 | AX13: 39 | AY13: =ROUND(AQ13+AU13,0) -> 21 | AZ13: =ROUND(AR13+AV13,0) -> 50 | BA13: =ROUND(AS13+AW13,0) -> 18 | BB13: 20 | BC13: =ROUND(AT13+AX13,0) -> 69 | BD13: =SUM(AY13:BC13) -> 178 | BE13: =ROUND(BD13/2,0) -> 89 | BO13: A | BP13: A | BR13: =ROUND(I13+Q13+Y13+AG13+AO13+BE13,0) -> 529 | BS13: =BR13/6 -> 88.166667 | BT13: =IF(BS13>=75,"GRADE I with Distinction",IF(BS13>=60,"GRADE I",IF(BS13>=45,"GRADE II",IF(BS13>=35,"PASS","FAIL")))) -> GRADE I with Distinction
A14: 9 | B14: DHANDRUT MANSI GANESH | C14: 13 | D14: 30 | E14: 14 | F14: 10 | G14: 50 | H14: =ROUND(SUM(C14:G14),0) -> 117 | I14: =ROUND(H14/2,0) -> 59 | K14: 12 | L14: 40 | M14: 13 | N14: 20 | O14: 61 | P14: =ROUND(SUM(K14:O14),0) -> 146 | Q14: =ROUND(P14/2,0) -> 73 | S14: 24 | T14: 45 | U14: 22 | V14: 19 | W14: 67 | X14: =ROUND(SUM(S14:W14),0) -> 177 | Y14: =ROUND(X14/2,0) -> 89 | AA14: 22 | AB14: 34 | AC14: 18 | AD14: 17 | AE14: 47 | AF14: =ROUND(SUM(AA14:AE14),0) -> 138 | AG14: =ROUND(AF14/2,0) -> 69 | AI14: 24 | AJ14: 47 | AK14: 21 | AL14: 20 | AM14: 60 | AN14: =ROUND(SUM(AI14:AM14),0) -> 172 | AO14: =ROUND(AN14/2,0) -> 86 | AQ14: 12 | AR14: 7 | AS14: 3.5 | AT14: 20 | AU14: 8 | AV14: 19.5 | AW14: 8 | AX14: 7 | AY14: =ROUND(AQ14+AU14,0) -> 20 | AZ14: =ROUND(AR14+AV14,0) -> 27 | BA14: =ROUND(AS14+AW14,0) -> 12 | BB14: 15 | BC14: =ROUND(AT14+AX14,0) -> 27 | BD14: =SUM(AY14:BC14) -> 101 | BE14: =ROUND(BD14/2,0) -> 51 | BO14: A | BP14: A | BR14: =ROUND(I14+Q14+Y14+AG14+AO14+BE14,0) -> 427 | BS14: =BR14/6 -> 71.166667 | BT14: =IF(BS14>=75,"GRADE I with Distinction",IF(BS14>=60,"GRADE I",IF(BS14>=45,"GRADE II",IF(BS14>=35,"PASS","FAIL")))) -> GRADE I
A15: 10 | B15: DUDWADKAR ARCHITA MAHESH | C15: 10 | D15: 28 | E15: 17 | F15: 15 | G15: 49 | H15: =ROUND(SUM(C15:G15),0) -> 119 | I15: =ROUND(H15/2,0) -> 60 | K15: 17 | L15: 38 | M15: 16 | N15: 19 | O15: 62 | P15: =ROUND(SUM(K15:O15),0) -> 152 | Q15: =ROUND(P15/2,0) -> 76 | S15: 23 | T15: 42 | U15: 15 | V15: 19 | W15: 66 | X15: =ROUND(SUM(S15:W15),0) -> 165 | Y15: =ROUND(X15/2,0) -> 83 | AA15: 24 | AB15: 39 | AC15: 19 | AD15: 18 | AE15: 50 | AF15: =ROUND(SUM(AA15:AE15),0) -> 150 | AG15: =ROUND(AF15/2,0) -> 75 | AI15: 23 | AJ15: 45 | AK15: 17 | AL15: 19 | AM15: 62 | AN15: =ROUND(SUM(AI15:AM15),0) -> 166 | AO15: =ROUND(AN15/2,0) -> 83 | AQ15: 10 | AR15: 22 | AS15: 10 | AT15: 32 | AU15: 7.5 | AV15: 22.5 | AW15: 9 | AX15: 32 | AY15: =ROUND(AQ15+AU15,0) -> 18 | AZ15: =ROUND(AR15+AV15,0) -> 45 | BA15: =ROUND(AS15+AW15,0) -> 19 | BB15: 19 | BC15: =ROUND(AT15+AX15,0) -> 64 | BD15: =SUM(AY15:BC15) -> 165 | BE15: =ROUND(BD15/2,0) -> 83 | BO15: A | BP15: A | BR15: =ROUND(I15+Q15+Y15+AG15+AO15+BE15,0) -> 460 | BS15: =BR15/6 -> 76.666667 | BT15: =IF(BS15>=75,"GRADE I with Distinction",IF(BS15>=60,"GRADE I",IF(BS15>=45,"GRADE II",IF(BS15>=35,"PASS","FAIL")))) -> GRADE I with Distinction
A16: 11 | B16: GAMI KRISHNA JEETU | C16: 15 | D16: 32 | E16: 19 | F16: 15 | G16: 48 | H16: =ROUND(SUM(C16:G16),0) -> 129 | I16: =ROUND(H16/2,0) -> 65 | K16: 13 | L16: 31 | M16: 13 | N16: 18 | O16: 48 | P16: =ROUND(SUM(K16:O16),0) -> 123 | Q16: =ROUND(P16/2,0) -> 62 | S16: 21 | T16: 40 | U16: 16 | V16: 15 | W16: 63 | X16: =ROUND(SUM(S16:W16),0) -> 155 | Y16: =ROUND(X16/2,0) -> 78 | AA16: 15 | AB16: 36 | AC16: 21 | AD16: 17 | AE16: 41 | AF16: =ROUND(SUM(AA16:AE16),0) -> 130 | AG16: =ROUND(AF16/2,0) -> 65 | AI16: 18 | AJ16: 32 | AK16: 15 | AL16: 17 | AM16: 49 | AN16: =ROUND(SUM(AI16:AM16),0) -> 131 | AO16: =ROUND(AN16/2,0) -> 66 | AQ16: 6.5 | AR16: 17 | AS16: 6.5 | AT16: 17 | AU16: 7.5 | AV16: 18.5 | AW16: 7.5 | AX16: 29 | AY16: =ROUND(AQ16+AU16,0) -> 14 | AZ16: =ROUND(AR16+AV16,0) -> 36 | BA16: =ROUND(AS16+AW16,0) -> 14 | BB16: 16 | BC16: =ROUND(AT16+AX16,0) -> 46 | BD16: =SUM(AY16:BC16) -> 126 | BE16: =ROUND(BD16/2,0) -> 63 | BO16: A | BP16: A | BR16: =ROUND(I16+Q16+Y16+AG16+AO16+BE16,0) -> 399 | BS16: =BR16/6 -> 66.5 | BT16: =IF(BS16>=75,"GRADE I with Distinction",IF(BS16>=60,"GRADE I",IF(BS16>=45,"GRADE II",IF(BS16>=35,"PASS","FAIL")))) -> GRADE I
A17: 12 | B17: GHAG VISHNU MAHENDRA | C17: 11 | D17: 27 | E17: 16 | F17: 14 | G17: 48 | H17: =ROUND(SUM(C17:G17),0) -> 116 | I17: =ROUND(H17/2,0) -> 58 | K17: 13 | L17: 34 | M17: 19 | N17: 18 | O17: 52 | P17: =ROUND(SUM(K17:O17),0) -> 136 | Q17: =ROUND(P17/2,0) -> 68 | S17: 25 | T17: 48 | U17: 23 | V17: 17 | W17: 70 | X17: =ROUND(SUM(S17:W17),0) -> 183 | Y17: =ROUND(X17/2,0) -> 92 | AA17: 21 | AB17: 36 | AC17: 19 | AD17: 20 | AE17: 52 | AF17: =ROUND(SUM(AA17:AE17),0) -> 148 | AG17: =ROUND(AF17/2,0) -> 74 | AI17: 25 | AJ17: 49 | AK17: 25 | AL17: 19 | AM17: 63 | AN17: =ROUND(SUM(AI17:AM17),0) -> 181 | AO17: =ROUND(AN17/2,0) -> 91 | AQ17: 12 | AR17: 25 | AS17: 10 | AT17: 29 | AU17: 9 | AV17: 21 | AW17: 7.5 | AX17: 24 | AY17: =ROUND(AQ17+AU17,0) -> 21 | AZ17: =ROUND(AR17+AV17,0) -> 46 | BA17: =ROUND(AS17+AW17,0) -> 18 | BB17: 20 | BC17: =ROUND(AT17+AX17,0) -> 53 | BD17: =SUM(AY17:BC17) -> 158 | BE17: =ROUND(BD17/2,0) -> 79 | BO17: A | BP17: A | BR17: =ROUND(I17+Q17+Y17+AG17+AO17+BE17,0) -> 462 | BS17: =BR17/6 -> 77 | BT17: =IF(BS17>=75,"GRADE I with Distinction",IF(BS17>=60,"GRADE I",IF(BS17>=45,"GRADE II",IF(BS17>=35,"PASS","FAIL")))) -> GRADE I with Distinction
A18: 13 | B18: GHORPADE SAMRUDHI SACHIN | C18: 12 | D18: 26 | E18: 18 | F18: 16 | G18: 51 | H18: =ROUND(SUM(C18:G18),0) -> 123 | I18: =ROUND(H18/2,0) -> 62 | K18: 13 | L18: 45 | M18: 22 | N18: 20 | O18: 57 | P18: =ROUND(SUM(K18:O18),0) -> 157 | Q18: =ROUND(P18/2,0) -> 79 | S18: 22 | T18: 44 | U18: 21 | V18: 19 | W18: 72 | X18: =ROUND(SUM(S18:W18),0) -> 178 | Y18: =ROUND(X18/2,0) -> 89 | AA18: 24 | AB18: 35 | AC18: 21 | AD18: 17 | AE18: 63 | AF18: =ROUND(SUM(AA18:AE18),0) -> 160 | AG18: =ROUND(AF18/2,0) -> 80 | AI18: 20 | AJ18: 49 | AK18: 24 | AL18: 20 | AM18: 69 | AN18: =ROUND(SUM(AI18:AM18),0) -> 182 | AO18: =ROUND(AN18/2,0) -> 91 | AQ18: 13 | AR18: 14 | AS18: 12 | AT18: 33 | AU18: 10 | AV18: 23 | AW18: 10.5 | AX18: 23 | AY18: =ROUND(AQ18+AU18,0) -> 23 | AZ18: =ROUND(AR18+AV18,0) -> 37 | BA18: =ROUND(AS18+AW18,0) -> 23 | BB18: 20 | BC18: =ROUND(AT18+AX18,0) -> 56 | BD18: =SUM(AY18:BC18) -> 159 | BE18: =ROUND(BD18/2,0) -> 80 | BO18: B | BP18: A | BR18: =ROUND(I18+Q18+Y18+AG18+AO18+BE18,0) -> 481 | BS18: =BR18/6 -> 80.166667 | BT18: =IF(BS18>=75,"GRADE I with Distinction",IF(BS18>=60,"GRADE I",IF(BS18>=45,"GRADE II",IF(BS18>=35,"PASS","FAIL")))) -> GRADE I with Distinction
A19: 14 | B19: GUNJ RAJU VORA | C19: 10 | D19: 28 | E19: 14 | F19: 12 | G19: 55 | H19: =ROUND(SUM(C19:G19),0) -> 119 | I19: =ROUND(H19/2,0) -> 60 | K19: 15 | L19: 36 | M19: 11 | N19: 20 | O19: 64 | P19: =ROUND(SUM(K19:O19),0) -> 146 | Q19: =ROUND(P19/2,0) -> 73 | S19: 22 | T19: 43 | U19: 15 | V19: 18 | W19: 68 | X19: =ROUND(SUM(S19:W19),0) -> 166 | Y19: =ROUND(X19/2,0) -> 83 | AA19: 16 | AB19: 24 | AC19: 5 | AD19: 16 | AE19: 50 | AF19: =ROUND(SUM(AA19:AE19),0) -> 111 | AG19: =ROUND(AF19/2,0) -> 56 | AI19: 20 | AJ19: 47 | AK19: 19 | AL19: 17 | AM19: 63 | AN19: =ROUND(SUM(AI19:AM19),0) -> 166 | AO19: =ROUND(AN19/2,0) -> 83 | AQ19: 9 | AR19: 20.5 | AS19: 8.5 | AT19: 22 | AU19: 5 | AV19: 11.5 | AW19: 9.5 | AX19: 33 | AY19: =ROUND(AQ19+AU19,0) -> 14 | AZ19: =ROUND(AR19+AV19,0) -> 32 | BA19: =ROUND(AS19+AW19,0) -> 18 | BB19: 14 | BC19: =ROUND(AT19+AX19,0) -> 55 | BD19: =SUM(AY19:BC19) -> 133 | BE19: =ROUND(BD19/2,0) -> 67 | BO19: A | BP19: A | BR19: =ROUND(I19+Q19+Y19+AG19+AO19+BE19,0) -> 422 | BS19: =BR19/6 -> 70.333333 | BT19: =IF(BS19>=75,"GRADE I with Distinction",IF(BS19>=60,"GRADE I",IF(BS19>=45,"GRADE II",IF(BS19>=35,"PASS","FAIL")))) -> GRADE I
A20: 15 | B20: HAMDULAY ZAINULABIDIN ZUBAIR | C20: 13 | D20: 34 | E20: 19 | F20: 15 | G20: 58 | H20: =ROUND(SUM(C20:G20),0) -> 139 | I20: =ROUND(H20/2,0) -> 70 | K20: 20 | L20: 46 | M20: 12 | N20: 18 | O20: 56 | P20: =ROUND(SUM(K20:O20),0) -> 152 | Q20: =ROUND(P20/2,0) -> 76 | S20: 24 | T20: 47 | U20: 20 | V20: 20 | W20: 67 | X20: =ROUND(SUM(S20:W20),0) -> 178 | Y20: =ROUND(X20/2,0) -> 89 | AA20: 25 | AB20: 37 | AC20: 25 | AD20: 17 | AE20: 53 | AF20: =ROUND(SUM(AA20:AE20),0) -> 157 | AG20: =ROUND(AF20/2,0) -> 79 | AI20: 25 | AJ20: 50 | AK20: 19 | AL20: 18 | AM20: 75 | AN20: =ROUND(SUM(AI20:AM20),0) -> 187 | AO20: =ROUND(AN20/2,0) -> 94 | AQ20: 12 | AR20: 21.5 | AS20: 12 | AT20: 37 | AU20: 12 | AV20: 23 | AW20: 6 | AX20: 28 | AY20: =ROUND(AQ20+AU20,0) -> 24 | AZ20: =ROUND(AR20+AV20,0) -> 45 | BA20: =ROUND(AS20+AW20,0) -> 18 | BB20: 16 | BC20: =ROUND(AT20+AX20,0) -> 65 | BD20: =SUM(AY20:BC20) -> 168 | BE20: =ROUND(BD20/2,0) -> 84 | BO20: A | BP20: A | BR20: =ROUND(I20+Q20+Y20+AG20+AO20+BE20,0) -> 492 | BS20: =BR20/6 -> 82 | BT20: =IF(BS20>=75,"GRADE I with Distinction",IF(BS20>=60,"GRADE I",IF(BS20>=45,"GRADE II",IF(BS20>=35,"PASS","FAIL")))) -> GRADE I with Distinction
A21: 16 | B21: KAMBLE SUMEDH MANGESH | C21: 11 | D21: 28 | E21: 17 | F21: 16 | G21: 52 | H21: =ROUND(SUM(C21:G21),0) -> 124 | I21: =ROUND(H21/2,0) -> 62 | K21: 11 | L21: 40 | M21: 8 | N21: 18 | O21: 65 | P21: =ROUND(SUM(K21:O21),0) -> 142 | Q21: =ROUND(P21/2,0) -> 71 | S21: 25 | T21: 42 | U21: 20 | V21: 19 | W21: 63 | X21: =ROUND(SUM(S21:W21),0) -> 169 | Y21: =ROUND(X21/2,0) -> 85 | AA21: 23 | AB21: 37 | AC21: 16 | AD21: 18 | AE21: 63 | AF21: =ROUND(SUM(AA21:AE21),0) -> 157 | AG21: =ROUND(AF21/2,0) -> 79 | AI21: 23 | AJ21: 48 | AK21: 19 | AL21: 17 | AM21: 58 | AN21: =ROUND(SUM(AI21:AM21),0) -> 165 | AO21: =ROUND(AN21/2,0) -> 83 | AQ21: 12 | AR21: 10 | AS21: 7.5 | AT21: 30 | AU21: 9 | AV21: 23 | AW21: 7.5 | AX21: 30 | AY21: =ROUND(AQ21+AU21,0) -> 21 | AZ21: =ROUND(AR21+AV21,0) -> 33 | BA21: =ROUND(AS21+AW21,0) -> 15 | BB21: 16 | BC21: =ROUND(AT21+AX21,0) -> 60 | BD21: =SUM(AY21:BC21) -> 145 | BE21: =ROUND(BD21/2,0) -> 73 | BO21: A | BP21: A | BR21: =ROUND(I21+Q21+Y21+AG21+AO21+BE21,0) -> 453 | BS21: =BR21/6 -> 75.5 | BT21: =IF(BS21>=75,"GRADE I with Distinction",IF(BS21>=60,"GRADE I",IF(BS21>=45,"GRADE II",IF(BS21>=35,"PASS","FAIL")))) -> GRADE I with Distinction
A22: 17 | B22: KANOJIA MEHUL VIRENDRA | C22: 15 | D22: 31 | E22: 20 | F22: 18 | G22: 58 | H22: =ROUND(SUM(C22:G22),0) -> 142 | I22: =ROUND(H22/2,0) -> 71 | K22: 15 | L22: 37 | M22: 18 | N22: 17 | O22: 60 | P22: =ROUND(SUM(K22:O22),0) -> 147 | Q22: =ROUND(P22/2,0) -> 74 | S22: 24 | T22: 43 | U22: 20 | V22: 19 | W22: 74 | X22: =ROUND(SUM(S22:W22),0) -> 180 | Y22: =ROUND(X22/2,0) -> 90 | AA22: 18 | AB22: 38 | AC22: 23 | AD22: 18 | AE22: 47 | AF22: =ROUND(SUM(AA22:AE22),0) -> 144 | AG22: =ROUND(AF22/2,0) -> 72 | AI22: 19 | AJ22: 49 | AK22: 23 | AL22: 19 | AM22: 75 | AN22: =ROUND(SUM(AI22:AM22),0) -> 185 | AO22: =ROUND(AN22/2,0) -> 93 | AQ22: 10 | AR22: 18.5 | AS22: 8 | AT22: 24 | AU22: 8 | AV22: 23.5 | AW22: 7 | AX22: 34 | AY22: =ROUND(AQ22+AU22,0) -> 18 | AZ22: =ROUND(AR22+AV22,0) -> 42 | BA22: =ROUND(AS22+AW22,0) -> 15 | BB22: 18 | BC22: =ROUND(AT22+AX22,0) -> 58 | BD22: =SUM(AY22:BC22) -> 151 | BE22: =ROUND(BD22/2,0) -> 76 | BO22: A | BP22: A | BR22: =ROUND(I22+Q22+Y22+AG22+AO22+BE22,0) -> 476 | BS22: =BR22/6 -> 79.333333 | BT22: =IF(BS22>=75,"GRADE I with Distinction",IF(BS22>=60,"GRADE I",IF(BS22>=45,"GRADE II",IF(BS22>=35,"PASS","FAIL")))) -> GRADE I with Distinction
A23: 18 | B23: KANSAL PALAK SANJAY | C23: 18 | D23: 34 | E23: 18 | F23: 16 | G23: 59 | H23: =ROUND(SUM(C23:G23),0) -> 145 | I23: =ROUND(H23/2,0) -> 73 | K23: 21 | L23: 48 | M23: 21 | N23: 18 | O23: 73 | P23: =ROUND(SUM(K23:O23),0) -> 181 | Q23: =ROUND(P23/2,0) -> 91 | S23: 25 | T23: 46 | U23: 22 | V23: 20 | W23: 75 | X23: =ROUND(SUM(S23:W23),0) -> 188 | Y23: =ROUND(X23/2,0) -> 94 | AA23: 23 | AB23: 43 | AC23: 24 | AD23: 18 | AE23: 71 | AF23: =ROUND(SUM(AA23:AE23),0) -> 179 | AG23: =ROUND(AF23/2,0) -> 90 | AI23: 24 | AJ23: 50 | AK23: 21 | AL23: 20 | AM23: 77 | AN23: =ROUND(SUM(AI23:AM23),0) -> 192 | AO23: =ROUND(AN23/2,0) -> 96 | AQ23: 13 | AR23: 24 | AS23: 11 | AT23: 37 | AU23: 10 | AV23: 24.5 | AW23: 8.5 | AX23: 34 | AY23: =ROUND(AQ23+AU23,0) -> 23 | AZ23: =ROUND(AR23+AV23,0) -> 49 | BA23: =ROUND(AS23+AW23,0) -> 20 | BB23: 20 | BC23: =ROUND(AT23+AX23,0) -> 71 | BD23: =SUM(AY23:BC23) -> 183 | BE23: =ROUND(BD23/2,0) -> 92 | BO23: A | BP23: A | BR23: =ROUND(I23+Q23+Y23+AG23+AO23+BE23,0) -> 536 | BS23: =BR23/6 -> 89.333333 | BT23: =IF(BS23>=75,"GRADE I with Distinction",IF(BS23>=60,"GRADE I",IF(BS23>=45,"GRADE II",IF(BS23>=35,"PASS","FAIL")))) -> GRADE I with Distinction
A24: 19 | B24: KARMARKAR MANAVA AMEYA | C24: 18 | D24: 33 | E24: 17 | F24: 18 | G24: 51 | H24: =ROUND(SUM(C24:G24),0) -> 137 | I24: =ROUND(H24/2,0) -> 69 | K24: 21 | L24: 44 | M24: 20 | N24: 20 | O24: 63 | P24: =ROUND(SUM(K24:O24),0) -> 168 | Q24: =ROUND(P24/2,0) -> 84 | S24: 23 | T24: 46 | U24: 21 | V24: 16 | W24: 65 | X24: =ROUND(SUM(S24:W24),0) -> 171 | Y24: =ROUND(X24/2,0) -> 86 | AA24: 24 | AB24: 18 | AC24: 7 | AD24: 14 | AE24: 29 | AF24: =ROUND(SUM(AA24:AE24),0) -> 92 | AG24: =ROUND(AF24/2,0) -> 46 | AI24: 21 | AJ24: 40 | AK24: 17 | AL24: 20 | AM24: 69 | AN24: =ROUND(SUM(AI24:AM24),0) -> 167 | AO24: =ROUND(AN24/2,0) -> 84 | AQ24: 12 | AR24: 12 | AS24: 8.5 | AT24: 33 | AU24: 11 | AV24: 13.5 | AW24: 5.5 | AX24: 28 | AY24: =ROUND(AQ24+AU24,0) -> 23 | AZ24: =ROUND(AR24+AV24,0) -> 26 | BA24: =ROUND(AS24+AW24,0) -> 14 | BB24: 19 | BC24: =ROUND(AT24+AX24,0) -> 61 | BD24: =SUM(AY24:BC24) -> 143 | BE24: =ROUND(BD24/2,0) -> 72 | BO24: A | BP24: A | BR24: =ROUND(I24+Q24+Y24+AG24+AO24+BE24,0) -> 441 | BS24: =BR24/6 -> 73.5 | BT24: =IF(BS24>=75,"GRADE I with Distinction",IF(BS24>=60,"GRADE I",IF(BS24>=45,"GRADE II",IF(BS24>=35,"PASS","FAIL")))) -> GRADE I
... A29: 24 | B29: MAGDUM JANHAVI SHAILESH | C29: 15 | D29: 29 | E29: 18 | F29: 16 | G29: 61 | H29: =ROUND(SUM(C29:G29),0) -> 139 | I29: =ROUND(H29/2,0) -> 70 | K29: 20 | L29: 47 | M29: 12 | N29: 17 | O29: 59 | P29: =ROUND(SUM(K29:O29),0) -> 155 | Q29: =ROUND(P29/2,0) -> 78 | S29: 23 | T29: 43 | U29: 21 | V29: 18 | W29: 75 | X29: =ROUND(SUM(S29:W29),0) -> 180 | Y29: =ROUND(X29/2,0) -> 90 | AA29: 24 | AB29: 26 | AC29: 24 | AD29: 17 | AE29: 46 | AF29: =ROUND(SUM(AA29:AE29),0) -> 137 | AG29: =ROUND(AF29/2,0) -> 69 | AI29: 21 | AJ29: 48 | AK29: 17 | AL29: 20 | AM29: 66 | AN29: =ROUND(SUM(AI29:AM29),0) -> 172 | AO29: =ROUND(AN29/2,0) -> 86 | AQ29: 12 | AR29: 18.5 | AS29: 5 | AT29: 24 | AU29: 11.5 | AV29: 14 | AW29: 10.5 | AX29: 23 | AY29: =ROUND(AQ29+AU29,0) -> 24 | AZ29: =ROUND(AR29+AV29,0) -> 33 | BA29: =ROUND(AS29+AW29,0) -> 16 | BB29: 17 | BC29: =ROUND(AT29+AX29,0) -> 47 | BD29: =SUM(AY29:BC29) -> 137 | BE29: =ROUND(BD29/2,0) -> 69 | BO29: A | BP29: A | BR29: =ROUND(I29+Q29+Y29+AG29+AO29+BE29,0) -> 462 | BS29: =BR29/6 -> 77 | BT29: =IF(BS29>=75,"GRADE I with Distinction",IF(BS29>=60,"GRADE I",IF(BS29>=45,"GRADE II",IF(BS29>=35,"PASS","FAIL")))) -> GRADE I with Distinction
A30: 25 | B30: MALI AARUSHI NILESH | C30: 21 | D30: 39 | E30: 0 | F30: 16 | G30: 64 | H30: =ROUND(SUM(C30:G30),0) -> 140 | I30: =ROUND(H30/2,0) -> 70 | K30: 21 | L30: 42 | M30: 0 | N30: 19 | O30: 64 | P30: =ROUND(SUM(K30:O30),0) -> 146 | Q30: =ROUND(P30/2,0) -> 73 | S30: 24 | T30: 42 | U30: 0 | V30: 19 | W30: 69 | X30: =ROUND(SUM(S30:W30),0) -> 154 | Y30: =ROUND(X30/2,0) -> 77 | AA30: 24 | AB30: 36 | AC30: 0 | AD30: 20 | AE30: 62 | AF30: =ROUND(SUM(AA30:AE30),0) -> 142 | AG30: =ROUND(AF30/2,0) -> 71 | AI30: 24 | AJ30: 48 | AK30: 0 | AL30: 16 | AM30: 71 | AN30: =ROUND(SUM(AI30:AM30),0) -> 159 | AO30: =ROUND(AN30/2,0) -> 80 | AQ30: 13 | AR30: 25 | AS30: 0 | AT30: 33 | AU30: 12 | AV30: 23.5 | AW30: 0 | AX30: 34 | AY30: =ROUND(AQ30+AU30,0) -> 25 | AZ30: =ROUND(AR30+AV30,0) -> 49 | BA30: 0 | BB30: 20 | BC30: =ROUND(AT30+AX30,0) -> 67 | BD30: =SUM(AY30:BC30) -> 161 | BE30: =ROUND(BD30/2,0) -> 81 | BO30: A | BP30: A | BR30: =ROUND(I30+Q30+Y30+AG30+AO30+BE30,0) -> 452 | BS30: =BR30/6 -> 75.333333 | BT30: =IF(BS30>=75,"GRADE I with Distinction",IF(BS30>=60,"GRADE I",IF(BS30>=45,"GRADE II",IF(BS30>=35,"PASS","FAIL")))) -> GRADE I with Distinction
A31: 26 | B31: MAURYA VAISHNAVI DASHARATH | C31: 15 | D31: 34 | E31: 21 | F31: 16 | G31: 61 | H31: =ROUND(SUM(C31:G31),0) -> 147 | I31: =ROUND(H31/2,0) -> 74 | K31: 19 | L31: 47 | M31: 18 | N31: 20 | O31: 59 | P31: =ROUND(SUM(K31:O31),0) -> 163 | Q31: =ROUND(P31/2,0) -> 82 | S31: 25 | T31: 47 | U31: 22 | V31: 19 | W31: 73 | X31: =ROUND(SUM(S31:W31),0) -> 186 | Y31: =ROUND(X31/2,0) -> 93 | AA31: 24 | AB31: 32 | AC31: 20 | AD31: 19 | AE31: 68 | AF31: =ROUND(SUM(AA31:AE31),0) -> 163 | AG31: =ROUND(AF31/2,0) -> 82 | AI31: 24 | AJ31: 46 | AK31: 23 | AL31: 19 | AM31: 74 | AN31: =ROUND(SUM(AI31:AM31),0) -> 186 | AO31: =ROUND(AN31/2,0) -> 93 | AQ31: 13 | AR31: 23 | AS31: 6 | AT31: 33 | AU31: 11 | AV31: 20 | AW31: 8.5 | AX31: 28 | AY31: =ROUND(AQ31+AU31,0) -> 24 | AZ31: =ROUND(AR31+AV31,0) -> 43 | BA31: =ROUND(AS31+AW31,0) -> 15 | BB31: 18 | BC31: =ROUND(AT31+AX31,0) -> 61 | BD31: =SUM(AY31:BC31) -> 161 | BE31: =ROUND(BD31/2,0) -> 81 | BO31: A | BP31: A | BR31: =ROUND(I31+Q31+Y31+AG31+AO31+BE31,0) -> 505 | BS31: =BR31/6 -> 84.166667 | BT31: =IF(BS31>=75,"GRADE I with Distinction",IF(BS31>=60,"GRADE I",IF(BS31>=45,"GRADE II",IF(BS31>=35,"PASS","FAIL")))) -> GRADE I with Distinction
A32: 27 | B32: MERA TEJAS GOVIND | C32: 16 | D32: 36 | E32: 19 | F32: 14 | G32: 58 | H32: =ROUND(SUM(C32:G32),0) -> 143 | I32: =ROUND(H32/2,0) -> 72 | K32: 20 | L32: 43 | M32: 12 | N32: 18 | O32: 63 | P32: =ROUND(SUM(K32:O32),0) -> 156 | Q32: =ROUND(P32/2,0) -> 78 | S32: 25 | T32: 48 | U32: 21 | V32: 20 | W32: 72 | X32: =ROUND(SUM(S32:W32),0) -> 186 | Y32: =ROUND(X32/2,0) -> 93 | AA32: 22 | AB32: 26 | AC32: 18 | AD32: 11 | AE32: 42 | AF32: =ROUND(SUM(AA32:AE32),0) -> 119 | AG32: =ROUND(AF32/2,0) -> 60 | AI32: 21 | AJ32: 48 | AK32: 19 | AL32: 19 | AM32: 57 | AN32: =ROUND(SUM(AI32:AM32),0) -> 164 | AO32: =ROUND(AN32/2,0) -> 82 | AQ32: 11 | AR32: 25 | AS32: 3 | AT32: 28 | AU32: 10 | AV32: 22.5 | AW32: 7.5 | AX32: 28 | AY32: =ROUND(AQ32+AU32,0) -> 21 | AZ32: =ROUND(AR32+AV32,0) -> 48 | BA32: =ROUND(AS32+AW32,0) -> 11 | BB32: 19 | BC32: =ROUND(AT32+AX32,0) -> 56 | BD32: =SUM(AY32:BC32) -> 155 | BE32: =ROUND(BD32/2,0) -> 78 | BO32: A | BP32: A | BR32: =ROUND(I32+Q32+Y32+AG32+AO32+BE32,0) -> 463 | BS32: =BR32/6 -> 77.166667 | BT32: =IF(BS32>=75,"GRADE I with Distinction",IF(BS32>=60,"GRADE I",IF(BS32>=45,"GRADE II",IF(BS32>=35,"PASS","FAIL")))) -> GRADE I with Distinction
A33: 28 | B33: MHATRE SHRUTI NILESH | C33: 19 | D33: 30 | E33: 18 | F33: 12 | G33: 59 | H33: =ROUND(SUM(C33:G33),0) -> 138 | I33: =ROUND(H33/2,0) -> 69 | K33: 13 | L33: 38 | M33: 11 | N33: 17 | O33: 57 | P33: =ROUND(SUM(K33:O33),0) -> 136 | Q33: =ROUND(P33/2,0) -> 68 | S33: 24 | T33: 41 | U33: 22 | V33: 19 | W33: 66 | X33: =ROUND(SUM(S33:W33),0) -> 172 | Y33: =ROUND(X33/2,0) -> 86 | AA33: 25 | AB33: 34 | AC33: 16 | AD33: 18 | AE33: 56 | AF33: =ROUND(SUM(AA33:AE33),0) -> 149 | AG33: =ROUND(AF33/2,0) -> 75 | AI33: 22 | AJ33: 46 | AK33: 18 | AL33: 20 | AM33: 54 | AN33: =ROUND(SUM(AI33:AM33),0) -> 160 | AO33: =ROUND(AN33/2,0) -> 80 | AQ33: 12 | AR33: 23 | AS33: 7.5 | AT33: 20 | AU33: 5 | AV33: 16 | AW33: 5 | AX33: 24 | AY33: =ROUND(AQ33+AU33,0) -> 17 | AZ33: =ROUND(AR33+AV33,0) -> 39 | BA33: =ROUND(AS33+AW33,0) -> 13 | BB33: 15 | BC33: =ROUND(AT33+AX33,0) -> 44 | BD33: =SUM(AY33:BC33) -> 128 | BE33: =ROUND(BD33/2,0) -> 64 | BO33: A | BP33: A | BR33: =ROUND(I33+Q33+Y33+AG33+AO33+BE33,0) -> 442 | BS33: =BR33/6 -> 73.666667 | BT33: =IF(BS33>=75,"GRADE I with Distinction",IF(BS33>=60,"GRADE I",IF(BS33>=45,"GRADE II",IF(BS33>=35,"PASS","FAIL")))) -> GRADE I
A34: 29 | B34: PAL TANIA CHANDICHARAN | C34: 15 | D34: 30 | E34: 18 | F34: 16 | G34: 58 | H34: =ROUND(SUM(C34:G34),0) -> 137 | I34: =ROUND(H34/2,0) -> 69 | K34: 14 | L34: 44 | M34: 15 | N34: 18 | O34: 63 | P34: =ROUND(SUM(K34:O34),0) -> 154 | Q34: =ROUND(P34/2,0) -> 77 | S34: 23 | T34: 46 | U34: 21 | V34: 20 | W34: 58 | X34: =ROUND(SUM(S34:W34),0) -> 168 | Y34: =ROUND(X34/2,0) -> 84 | AA34: 22 | AB34: 29 | AC34: 10 | AD34: 16 | AE34: 47 | AF34: =ROUND(SUM(AA34:AE34),0) -> 124 | AG34: =ROUND(AF34/2,0) -> 62 | AI34: 20 | AJ34: 42 | AK34: 22 | AL34: 20 | AM34: 65 | AN34: =ROUND(SUM(AI34:AM34),0) -> 169 | AO34: =ROUND(AN34/2,0) -> 85 | AQ34: 12 | AR34: 24 | AS34: 8.5 | AT34: 28 | AU34: 6.5 | AV34: 22.5 | AW34: 6 | AX34: 32 | AY34: =ROUND(AQ34+AU34,0) -> 19 | AZ34: =ROUND(AR34+AV34,0) -> 47 | BA34: =ROUND(AS34+AW34,0) -> 15 | BB34: 14 | BC34: =ROUND(AT34+AX34,0) -> 60 | BD34: =SUM(AY34:BC34) -> 155 | BE34: =ROUND(BD34/2,0) -> 78 | BO34: A | BP34: A | BR34: =ROUND(I34+Q34+Y34+AG34+AO34+BE34,0) -> 455 | BS34: =BR34/6 -> 75.833333 | BT34: =IF(BS34>=75,"GRADE I with Distinction",IF(BS34>=60,"GRADE I",IF(BS34>=45,"GRADE II",IF(BS34>=35,"PASS","FAIL")))) -> GRADE I with Distinction
A35: 30 | B35: PALOJI MOHAMMAD SAAD AFZAL | C35: 10 | D35: 18 | E35: 13 | F35: 12 | G35: 46 | H35: =ROUND(SUM(C35:G35),0) -> 99 | I35: =ROUND(H35/2,0) -> 50 | K35: 19 | L35: 27 | M35: 9 | N35: 19 | O35: 41 | P35: =ROUND(SUM(K35:O35),0) -> 115 | Q35: =ROUND(P35/2,0) -> 58 | S35: 16 | T35: 38 | U35: 13 | V35: 18 | W35: 55 | X35: =ROUND(SUM(S35:W35),0) -> 140 | Y35: =ROUND(X35/2,0) -> 70 | AA35: 20 | AB35: 31 | AC35: 18 | AD35: 17 | AE35: 42 | AF35: =ROUND(SUM(AA35:AE35),0) -> 128 | AG35: =ROUND(AF35/2,0) -> 64 | AI35: 19 | AJ35: 35 | AK35: 15 | AL35: 16 | AM35: 53 | AN35: =ROUND(SUM(AI35:AM35),0) -> 138 | AO35: =ROUND(AN35/2,0) -> 69 | AQ35: 10 | AR35: 12.5 | AS35: 6 | AT35: 17 | AU35: 12 | AV35: 17.5 | AW35: 3.5 | AX35: 24 | AY35: =ROUND(AQ35+AU35,0) -> 22 | AZ35: =ROUND(AR35+AV35,0) -> 30 | BA35: =ROUND(AS35+AW35,0) -> 10 | BB35: 14 | BC35: =ROUND(AT35+AX35,0) -> 41 | BD35: =SUM(AY35:BC35) -> 117 | BE35: =ROUND(BD35/2,0) -> 59 | BO35: A | BP35: A | BR35: =ROUND(I35+Q35+Y35+AG35+AO35+BE35,0) -> 370 | BS35: =BR35/6 -> 61.666667 | BT35: =IF(BS35>=75,"GRADE I with Distinction",IF(BS35>=60,"GRADE I",IF(BS35>=45,"GRADE II",IF(BS35>=35,"PASS","FAIL")))) -> GRADE I
A36: 31 | B36: PATIL ANUSHKA SANJAY | C36: 20 | D36: 29 | E36: 22 | F36: 14 | G36: 60 | H36: =ROUND(SUM(C36:G36),0) -> 145 | I36: =ROUND(H36/2,0) -> 73 | K36: 21 | L36: 44 | M36: 19 | N36: 19 | O36: 77 | P36: =ROUND(SUM(K36:O36),0) -> 180 | Q36: =ROUND(P36/2,0) -> 90 | S36: 24 | T36: 49 | U36: 23 | V36: 19 | W36: 74 | X36: =ROUND(SUM(S36:W36),0) -> 189 | Y36: =ROUND(X36/2,0) -> 95 | AA36: 23 | AB36: 35 | AC36: 21 | AD36: 19 | AE36: 66 | AF36: =ROUND(SUM(AA36:AE36),0) -> 164 | AG36: =ROUND(AF36/2,0) -> 82 | AI36: 24 | AJ36: 48 | AK36: 25 | AL36: 19 | AM36: 76 | AN36: =ROUND(SUM(AI36:AM36),0) -> 192 | AO36: =ROUND(AN36/2,0) -> 96 | AQ36: 13 | AR36: 22 | AS36: 8 | AT36: 35 | AU36: 9 | AV36: 21.5 | AW36: 7.5 | AX36: 37 | AY36: =ROUND(AQ36+AU36,0) -> 22 | AZ36: =ROUND(AR36+AV36,0) -> 44 | BA36: =ROUND(AS36+AW36,0) -> 16 | BB36: 20 | BC36: =ROUND(AT36+AX36,0) -> 72 | BD36: =SUM(AY36:BC36) -> 174 | BE36: =ROUND(BD36/2,0) -> 87 | BO36: A | BP36: A | BR36: =ROUND(I36+Q36+Y36+AG36+AO36+BE36,0) -> 523 | BS36: =BR36/6 -> 87.166667 | BT36: =IF(BS36>=75,"GRADE I with Distinction",IF(BS36>=60,"GRADE I",IF(BS36>=45,"GRADE II",IF(BS36>=35,"PASS","FAIL")))) -> GRADE I with Distinction
A37: 32 | B37: PATIL RUCHI ANANDA | C37: 14 | D37: 27 | E37: 18 | F37: 16 | G37: 56 | H37: =ROUND(SUM(C37:G37),0) -> 131 | I37: =ROUND(H37/2,0) -> 66 | K37: 14 | L37: 43 | M37: 9 | N37: 18 | O37: 57 | P37: =ROUND(SUM(K37:O37),0) -> 141 | Q37: =ROUND(P37/2,0) -> 71 | S37: 25 | T37: 48 | U37: 20 | V37: 19 | W37: 71 | X37: =ROUND(SUM(S37:W37),0) -> 183 | Y37: =ROUND(X37/2,0) -> 92 | AA37: 22 | AB37: 19 | AC37: 19 | AD37: 19 | AE37: 53 | AF37: =ROUND(SUM(AA37:AE37),0) -> 132 | AG37: =ROUND(AF37/2,0) -> 66 | AI37: 25 | AJ37: 49 | AK37: 22 | AL37: 20 | AM37: 72 | AN37: =ROUND(SUM(AI37:AM37),0) -> 188 | AO37: =ROUND(AN37/2,0) -> 94 | AQ37: 12 | AR37: 16 | AS37: 5.5 | AT37: 20 | AU37: 7 | AV37: 15.5 | AW37: 6.5 | AX37: 17 | AY37: =ROUND(AQ37+AU37,0) -> 19 | AZ37: =ROUND(AR37+AV37,0) -> 32 | BA37: =ROUND(AS37+AW37,0) -> 12 | BB37: 15 | BC37: =ROUND(AT37+AX37,0) -> 37 | BD37: =SUM(AY37:BC37) -> 115 | BE37: =ROUND(BD37/2,0) -> 58 | BO37: A | BP37: A | BR37: =ROUND(I37+Q37+Y37+AG37+AO37+BE37,0) -> 447 | BS37: =BR37/6 -> 74.5 | BT37: =IF(BS37>=75,"GRADE I with Distinction",IF(BS37>=60,"GRADE I",IF(BS37>=45,"GRADE II",IF(BS37>=35,"PASS","FAIL")))) -> GRADE I
A38: 33 | B38: PATIL SHRAWANI GANESH | C38: 15 | D38: 29 | E38: 18 | F38: 16 | G38: 50 | H38: =ROUND(SUM(C38:G38),0) -> 128 | I38: =ROUND(H38/2,0) -> 64 | K38: 13 | L38: 35 | M38: 18 | N38: 19 | O38: 54 | P38: =ROUND(SUM(K38:O38),0) -> 139 | Q38: =ROUND(P38/2,0) -> 70 | S38: 23 | T38: 49 | U38: 19 | V38: 19 | W38: 68 | X38: =ROUND(SUM(S38:W38),0) -> 178 | Y38: =ROUND(X38/2,0) -> 89 | AA38: 25 | AB38: 39 | AC38: 20 | AD38: 17 | AE38: 63 | AF38: =ROUND(SUM(AA38:AE38),0) -> 164 | AG38: =ROUND(AF38/2,0) -> 82 | AI38: 19 | AJ38: 45 | AK38: 18 | AL38: 20 | AM38: 66 | AN38: =ROUND(SUM(AI38:AM38),0) -> 168 | AO38: =ROUND(AN38/2,0) -> 84 | AQ38: 13 | AR38: 20 | AS38: 6.5 | AT38: 33 | AU38: 12 | AV38: 22 | AW38: 6 | AX38: 28 | AY38: =ROUND(AQ38+AU38,0) -> 25 | AZ38: =ROUND(AR38+AV38,0) -> 42 | BA38: =ROUND(AS38+AW38,0) -> 13 | BB38: 20 | BC38: =ROUND(AT38+AX38,0) -> 61 | BD38: =SUM(AY38:BC38) -> 161 | BE38: =ROUND(BD38/2,0) -> 81 | BO38: A | BP38: A | BR38: =ROUND(I38+Q38+Y38+AG38+AO38+BE38,0) -> 470 | BS38: =BR38/6 -> 78.333333 | BT38: =IF(BS38>=75,"GRADE I with Distinction",IF(BS38>=60,"GRADE I",IF(BS38>=45,"GRADE II",IF(BS38>=35,"PASS","FAIL")))) -> GRADE I with Distinction
A39: 34 | B39: PAWAR VEDANT ANANDA | C39: 13 | D39: 27 | E39: 17 | F39: 14 | G39: 55 | H39: =ROUND(SUM(C39:G39),0) -> 126 | I39: =ROUND(H39/2,0) -> 63 | K39: 12 | L39: 42 | M39: 16 | N39: 19 | O39: 59 | P39: =ROUND(SUM(K39:O39),0) -> 148 | Q39: =ROUND(P39/2,0) -> 74 | S39: 20 | T39: 45 | U39: 21 | V39: 20 | W39: 70 | X39: =ROUND(SUM(S39:W39),0) -> 176 | Y39: =ROUND(X39/2,0) -> 88 | AA39: 25 | AB39: 32 | AC39: 21 | AD39: 17 | AE39: 64 | AF39: =ROUND(SUM(AA39:AE39),0) -> 159 | AG39: =ROUND(AF39/2,0) -> 80 | AI39: 17 | AJ39: 48 | AK39: 23 | AL39: 19 | AM39: 71 | AN39: =ROUND(SUM(AI39:AM39),0) -> 178 | AO39: =ROUND(AN39/2,0) -> 89 | AQ39: 13 | AR39: 23 | AS39: 8.5 | AT39: 29 | AU39: 10 | AV39: 19.5 | AW39: 6.5 | AX39: 32 | AY39: =ROUND(AQ39+AU39,0) -> 23 | AZ39: =ROUND(AR39+AV39,0) -> 43 | BA39: =ROUND(AS39+AW39,0) -> 15 | BB39: 20 | BC39: =ROUND(AT39+AX39,0) -> 61 | BD39: =SUM(AY39:BC39) -> 162 | BE39: =ROUND(BD39/2,0) -> 81 | BO39: A | BP39: A | BR39: =ROUND(I39+Q39+Y39+AG39+AO39+BE39,0) -> 475 | BS39: =BR39/6 -> 79.166667 | BT39: =IF(BS39>=75,"GRADE I with Distinction",IF(BS39>=60,"GRADE I",IF(BS39>=45,"GRADE II",IF(BS39>=35,"PASS","FAIL")))) -> GRADE I with Distinction
A40: 35 | B40: PILLAI VAISHNAV SATHYAPAL | C40: 15 | D40: 33 | E40: 18 | F40: 18 | G40: 53 | H40: =ROUND(SUM(C40:G40),0) -> 137 | I40: =ROUND(H40/2,0) -> 69 | K40: 16 | L40: 45 | M40: 14 | N40: 18 | O40: 58 | P40: =ROUND(SUM(K40:O40),0) -> 151 | Q40: =ROUND(P40/2,0) -> 76 | S40: 25 | T40: 45 | U40: 21 | V40: 20 | W40: 74 | X40: =ROUND(SUM(S40:W40),0) -> 185 | Y40: =ROUND(X40/2,0) -> 93 | AA40: 24 | AB40: 32 | AC40: 11 | AD40: 18 | AE40: 54 | AF40: =ROUND(SUM(AA40:AE40),0) -> 139 | AG40: =ROUND(AF40/2,0) -> 70 | AI40: 22 | AJ40: 48 | AK40: 17 | AL40: 20 | AM40: 69 | AN40: =ROUND(SUM(AI40:AM40),0) -> 176 | AO40: =ROUND(AN40/2,0) -> 88 | AQ40: 13 | AR40: 23 | AS40: 6 | AT40: 34 | AU40: 10.5 | AV40: 20.5 | AW40: 8 | AX40: 35 | AY40: =ROUND(AQ40+AU40,0) -> 24 | AZ40: =ROUND(AR40+AV40,0) -> 44 | BA40: =ROUND(AS40+AW40,0) -> 14 | BB40: 20 | BC40: =ROUND(AT40+AX40,0) -> 69 | BD40: =SUM(AY40:BC40) -> 171 | BE40: =ROUND(BD40/2,0) -> 86 | BO40: A | BP40: A | BR40: =ROUND(I40+Q40+Y40+AG40+AO40+BE40,0) -> 482 | BS40: =BR40/6 -> 80.333333 | BT40: =IF(BS40>=75,"GRADE I with Distinction",IF(BS40>=60,"GRADE I",IF(BS40>=45,"GRADE II",IF(BS40>=35,"PASS","FAIL")))) -> GRADE I with Distinction
A41: 36 | B41: POOJARI BHUVITH VENKKAPPA | C41: 19 | D41: 28 | E41: 17 | F41: 16 | G41: 54 | H41: =ROUND(SUM(C41:G41),0) -> 134 | I41: =ROUND(H41/2,0) -> 67 | K41: 23 | L41: 43 | M41: 16 | N41: 19 | O41: 74 | P41: =ROUND(SUM(K41:O41),0) -> 175 | Q41: =ROUND(P41/2,0) -> 88 | S41: 25 | T41: 44 | U41: 21 | V41: 20 | W41: 70 | X41: =ROUND(SUM(S41:W41),0) -> 180 | Y41: =ROUND(X41/2,0) -> 90 | AA41: 22 | AB41: 42 | AC41: 22 | AD41: 17 | AE41: 50 | AF41: =ROUND(SUM(AA41:AE41),0) -> 153 | AG41: =ROUND(AF41/2,0) -> 77 | AI41: 25 | AJ41: 47 | AK41: 21 | AL41: 20 | AM41: 70 | AN41: =ROUND(SUM(AI41:AM41),0) -> 183 | AO41: =ROUND(AN41/2,0) -> 92 | AQ41: 13 | AR41: 20.5 | AS41: 9 | AT41: 32 | AU41: 11 | AV41: 23 | AW41: 11 | AX41: 33 | AY41: =ROUND(AQ41+AU41,0) -> 24 | AZ41: =ROUND(AR41+AV41,0) -> 44 | BA41: =ROUND(AS41+AW41,0) -> 20 | BB41: 20 | BC41: =ROUND(AT41+AX41,0) -> 65 | BD41: =SUM(AY41:BC41) -> 173 | BE41: =ROUND(BD41/2,0) -> 87 | BO41: B | BP41: A | BR41: =ROUND(I41+Q41+Y41+AG41+AO41+BE41,0) -> 501 | BS41: =BR41/6 -> 83.5 | BT41: =IF(BS41>=75,"GRADE I with Distinction",IF(BS41>=60,"GRADE I",IF(BS41>=45,"GRADE II",IF(BS41>=35,"PASS","FAIL")))) -> GRADE I with Distinction
A42: 37 | B42: PRADEEP PATEL | C42: 7 | D42: 25 | E42: 13 | F42: 14 | G42: 46 | H42: =ROUND(SUM(C42:G42),0) -> 105 | I42: =ROUND(H42/2,0) -> 53 | K42: 21 | L42: 37 | M42: 12 | N42: 17 | O42: 65 | P42: =ROUND(SUM(K42:O42),0) -> 152 | Q42: =ROUND(P42/2,0) -> 76 | S42: 20 | T42: 45 | U42: 16 | V42: 18 | W42: 60 | X42: =ROUND(SUM(S42:W42),0) -> 159 | Y42: =ROUND(X42/2,0) -> 80 | AA42: 18 | AB42: 32 | AC42: 23 | AD42: 19 | AE42: 41 | AF42: =ROUND(SUM(AA42:AE42),0) -> 133 | AG42: =ROUND(AF42/2,0) -> 67 | AI42: 20 | AJ42: 44 | AK42: 18 | AL42: 20 | AM42: 56 | AN42: =ROUND(SUM(AI42:AM42),0) -> 158 | AO42: =ROUND(AN42/2,0) -> 79 | AQ42: 9 | AR42: 10.5 | AS42: 2 | AT42: 16 | AU42: 7 | AV42: 9.5 | AW42: 4.5 | AX42: 17 | AY42: =ROUND(AQ42+AU42,0) -> 16 | AZ42: =ROUND(AR42+AV42,0) -> 20 | BA42: =ROUND(AS42+AW42,0) -> 7 | BB42: 19 | BC42: =ROUND(AT42+AX42,0) -> 33 | BD42: =SUM(AY42:BC42) -> 95 | BE42: =ROUND(BD42/2,0) -> 48 | BO42: A | BP42: A | BR42: =ROUND(I42+Q42+Y42+AG42+AO42+BE42,0) -> 403 | BS42: =BR42/6 -> 67.166667 | BT42: =IF(BS42>=75,"GRADE I with Distinction",IF(BS42>=60,"GRADE I",IF(BS42>=45,"GRADE II",IF(BS42>=35,"PASS","FAIL")))) -> GRADE I
... A47: 42 | B47: SHEDAGE MANAS MANGESH | C47: 10 | D47: 28 | E47: 17 | F47: 16 | G47: 50 | H47: =ROUND(SUM(C47:G47),0) -> 121 | I47: =ROUND(H47/2,0) -> 61 | K47: 14 | L47: 37 | M47: 9 | N47: 20 | O47: 42 | P47: =ROUND(SUM(K47:O47),0) -> 122 | Q47: =ROUND(P47/2,0) -> 61 | S47: 17 | T47: 40 | U47: 18 | V47: 18 | W47: 65 | X47: =ROUND(SUM(S47:W47),0) -> 158 | Y47: =ROUND(X47/2,0) -> 79 | AA47: 21 | AB47: 21 | AC47: 11 | AD47: 16 | AE47: 43 | AF47: =ROUND(SUM(AA47:AE47),0) -> 112 | AG47: =ROUND(AF47/2,0) -> 56 | AI47: 11 | AJ47: 36 | AK47: 15 | AL47: 16 | AM47: 48 | AN47: =ROUND(SUM(AI47:AM47),0) -> 126 | AO47: =ROUND(AN47/2,0) -> 63 | AQ47: 11 | AR47: 14.5 | AS47: 6.5 | AT47: 12 | AU47: 6 | AV47: 15 | AW47: 6.5 | AX47: 16 | AY47: =ROUND(AQ47+AU47,0) -> 17 | AZ47: =ROUND(AR47+AV47,0) -> 30 | BA47: =ROUND(AS47+AW47,0) -> 13 | BB47: 14 | BC47: =ROUND(AT47+AX47,0) -> 28 | BD47: =SUM(AY47:BC47) -> 102 | BE47: =ROUND(BD47/2,0) -> 51 | BO47: A | BP47: A | BR47: =ROUND(I47+Q47+Y47+AG47+AO47+BE47,0) -> 371 | BS47: =BR47/6 -> 61.833333 | BT47: =IF(BS47>=75,"GRADE I with Distinction",IF(BS47>=60,"GRADE I",IF(BS47>=45,"GRADE II",IF(BS47>=35,"PASS","FAIL")))) -> GRADE I
A48: 43 | B48: SHETTY SHREYA RAJENDRA | C48: 6 | D48: 21 | E48: 16 | F48: 17 | G48: 42 | H48: =ROUND(SUM(C48:G48),0) -> 102 | I48: =ROUND(H48/2,0) -> 51 | K48: 10 | L48: 32 | M48: 15 | N48: 18 | O48: 48 | P48: =ROUND(SUM(K48:O48),0) -> 123 | Q48: =ROUND(P48/2,0) -> 62 | S48: 21 | T48: 45 | U48: 15 | V48: 18 | W48: 68 | X48: =ROUND(SUM(S48:W48),0) -> 167 | Y48: =ROUND(X48/2,0) -> 84 | AA48: 15 | AB48: 23 | AC48: 15 | AD48: 17 | AE48: 25 | AF48: =ROUND(SUM(AA48:AE48),0) -> 95 | AG48: =ROUND(AF48/2,0) -> 48 | AI48: 14 | AJ48: 44 | AK48: 18 | AL48: 18 | AM48: 66 | AN48: =ROUND(SUM(AI48:AM48),0) -> 160 | AO48: =ROUND(AN48/2,0) -> 80 | AQ48: 8 | AR48: 6 | AS48: 3 | AT48: 12 | AU48: 4 | AV48: 7 | AW48: 4.5 | AX48: 4 | AY48: =ROUND(AQ48+AU48,0) -> 12 | AZ48: =ROUND(AR48+AV48,0) -> 13 | BA48: =ROUND(AS48+AW48,0) -> 8 | BB48: 12 | BC48: =ROUND(AT48+AX48,0) -> 16 | BD48: =SUM(AY48:BC48) -> 61 | BE48: =ROUND(BD48/2,0) -> 31 | BF48: 4 | BO48: B | BP48: A | BQ48: 4 | BR48: =ROUND(I48+Q48+Y48+AG48+AO48+BE48,0) -> 356 | BS48: =BR48/6 -> 59.333333 | BT48: PROMOTED
A49: 44 | B49: SHINDE MANJIRI MAHESH | C49: 14 | D49: 31 | E49: 20 | F49: 18 | G49: 63 | H49: =ROUND(SUM(C49:G49),0) -> 146 | I49: =ROUND(H49/2,0) -> 73 | K49: 16 | L49: 42 | M49: 17 | N49: 20 | O49: 70 | P49: =ROUND(SUM(K49:O49),0) -> 165 | Q49: =ROUND(P49/2,0) -> 83 | S49: 23 | T49: 42 | U49: 18 | V49: 19 | W49: 75 | X49: =ROUND(SUM(S49:W49),0) -> 177 | Y49: =ROUND(X49/2,0) -> 89 | AA49: 21 | AB49: 31 | AC49: 14 | AD49: 19 | AE49: 40 | AF49: =ROUND(SUM(AA49:AE49),0) -> 125 | AG49: =ROUND(AF49/2,0) -> 63 | AI49: 20 | AJ49: 46 | AK49: 22 | AL49: 20 | AM49: 62 | AN49: =ROUND(SUM(AI49:AM49),0) -> 170 | AO49: =ROUND(AN49/2,0) -> 85 | AQ49: 12 | AR49: 24 | AS49: 7 | AT49: 30 | AU49: 10.5 | AV49: 17 | AW49: 7.5 | AX49: 28 | AY49: =ROUND(AQ49+AU49,0) -> 23 | AZ49: =ROUND(AR49+AV49,0) -> 41 | BA49: =ROUND(AS49+AW49,0) -> 15 | BB49: 18 | BC49: =ROUND(AT49+AX49,0) -> 58 | BD49: =SUM(AY49:BC49) -> 155 | BE49: =ROUND(BD49/2,0) -> 78 | BO49: B | BP49: A | BR49: =ROUND(I49+Q49+Y49+AG49+AO49+BE49,0) -> 471 | BS49: =BR49/6 -> 78.5 | BT49: =IF(BS49>=75,"GRADE I with Distinction",IF(BS49>=60,"GRADE I",IF(BS49>=45,"GRADE II",IF(BS49>=35,"PASS","FAIL")))) -> GRADE I with Distinction
A50: 45 | B50: SHINDE SAWRI SAMIR | C50: 19 | D50: 31 | E50: 19 | F50: 12 | G50: 59 | H50: =ROUND(SUM(C50:G50),0) -> 140 | I50: =ROUND(H50/2,0) -> 70 | K50: 14 | L50: 43 | M50: 9 | N50: 18 | O50: 61 | P50: =ROUND(SUM(K50:O50),0) -> 145 | Q50: =ROUND(P50/2,0) -> 73 | S50: 25 | T50: 46 | U50: 19 | V50: 19 | W50: 71 | X50: =ROUND(SUM(S50:W50),0) -> 180 | Y50: =ROUND(X50/2,0) -> 90 | AA50: 21 | AB50: 28 | AC50: 8 | AD50: 18 | AE50: 53 | AF50: =ROUND(SUM(AA50:AE50),0) -> 128 | AG50: =ROUND(AF50/2,0) -> 64 | AI50: 20 | AJ50: 49 | AK50: 15 | AL50: 18 | AM50: 74 | AN50: =ROUND(SUM(AI50:AM50),0) -> 176 | AO50: =ROUND(AN50/2,0) -> 88 | AQ50: 10 | AR50: 17.5 | AS50: 6 | AT50: 23 | AU50: 6.5 | AV50: 11.5 | AW50: 3 | AX50: 17 | AY50: =ROUND(AQ50+AU50,0) -> 17 | AZ50: =ROUND(AR50+AV50,0) -> 29 | BA50: =ROUND(AS50+AW50,0) -> 9 | BB50: 16 | BC50: =ROUND(AT50+AX50,0) -> 40 | BD50: =SUM(AY50:BC50) -> 111 | BE50: =ROUND(BD50/2,0) -> 56 | BO50: A | BP50: A | BR50: =ROUND(I50+Q50+Y50+AG50+AO50+BE50,0) -> 441 | BS50: =BR50/6 -> 73.5 | BT50: =IF(BS50>=75,"GRADE I with Distinction",IF(BS50>=60,"GRADE I",IF(BS50>=45,"GRADE II",IF(BS50>=35,"PASS","FAIL")))) -> GRADE I
A51: 46 | B51: SHINGADE HRISHIKESH ANTU | C51: 10 | D51: 12 | E51: 10 | F51: 13 | G51: 38 | H51: =ROUND(SUM(C51:G51),0) -> 83 | I51: =ROUND(H51/2,0) -> 42 | K51: 5 | L51: 31 | M51: 7 | N51: 17 | O51: 41 | P51: =ROUND(SUM(K51:O51),0) -> 101 | Q51: =ROUND(P51/2,0) -> 51 | S51: 15 | T51: 30 | U51: 11 | V51: 14 | W51: 43 | X51: =ROUND(SUM(S51:W51),0) -> 113 | Y51: =ROUND(X51/2,0) -> 57 | AA51: 11 | AB51: 11 | AC51: 9 | AD51: 10 | AE51: 31 | AF51: =ROUND(SUM(AA51:AE51),0) -> 72 | AG51: =ROUND(AF51/2,0) -> 36 | AI51: 8 | AJ51: 36 | AK51: 15 | AL51: 16 | AM51: 43 | AN51: =ROUND(SUM(AI51:AM51),0) -> 118 | AO51: =ROUND(AN51/2,0) -> 59 | AQ51: 9 | AR51: 4 | AS51: 3 | AT51: 10 | AU51: 1 | AV51: 11 | AW51: 4 | AX51: 9 | AY51: =ROUND(AQ51+AU51,0) -> 10 | AZ51: =ROUND(AR51+AV51,0) -> 15 | BA51: =ROUND(AS51+AW51,0) -> 7 | BB51: 6 | BC51: =ROUND(AT51+AX51,0) -> 19 | BD51: =SUM(AY51:BC51) -> 57 | BE51: =ROUND(BD51/2,0) -> 29 | BF51: 6 | BO51: B | BP51: B | BQ51: 6 | BR51: =ROUND(I51+Q51+Y51+AG51+AO51+BE51,0) -> 274 | BS51: =BR51/6 -> 45.666667 | BT51: PROMOTED
A52: 47 | B52: SISODIA DAKSH GAUTAM | C52: 16 | D52: 36 | E52: 18 | F52: 18 | G52: 58 | H52: =ROUND(SUM(C52:G52),0) -> 146 | I52: =ROUND(H52/2,0) -> 73 | K52: 18 | L52: 46 | M52: 20 | N52: 18 | O52: 71 | P52: =ROUND(SUM(K52:O52),0) -> 173 | Q52: =ROUND(P52/2,0) -> 87 | S52: 25 | T52: 47 | U52: 20 | V52: 20 | W52: 73 | X52: =ROUND(SUM(S52:W52),0) -> 185 | Y52: =ROUND(X52/2,0) -> 93 | AA52: 25 | AB52: 48 | AC52: 23 | AD52: 20 | AE52: 71 | AF52: =ROUND(SUM(AA52:AE52),0) -> 187 | AG52: =ROUND(AF52/2,0) -> 94 | AI52: 23 | AJ52: 48 | AK52: 25 | AL52: 20 | AM52: 76 | AN52: =ROUND(SUM(AI52:AM52),0) -> 192 | AO52: =ROUND(AN52/2,0) -> 96 | AQ52: 13 | AR52: 24 | AS52: 10.5 | AT52: 35 | AU52: 10 | AV52: 24 | AW52: 11 | AX52: 35 | AY52: =ROUND(AQ52+AU52,0) -> 23 | AZ52: =ROUND(AR52+AV52,0) -> 48 | BA52: =ROUND(AS52+AW52,0) -> 22 | BB52: 20 | BC52: =ROUND(AT52+AX52,0) -> 70 | BD52: =SUM(AY52:BC52) -> 183 | BE52: =ROUND(BD52/2,0) -> 92 | BO52: A | BP52: A | BR52: =ROUND(I52+Q52+Y52+AG52+AO52+BE52,0) -> 535 | BS52: =BR52/6 -> 89.166667 | BT52: =IF(BS52>=75,"GRADE I with Distinction",IF(BS52>=60,"GRADE I",IF(BS52>=45,"GRADE II",IF(BS52>=35,"PASS","FAIL")))) -> GRADE I with Distinction
A53: 48 | B53: SNEHA ANIL NAIK | C53: 15 | D53: 36 | E53: 18 | F53: 13 | G53: 55 | H53: =ROUND(SUM(C53:G53),0) -> 137 | I53: =ROUND(H53/2,0) -> 69 | K53: 18 | L53: 42 | M53: 18 | N53: 18 | O53: 65 | P53: =ROUND(SUM(K53:O53),0) -> 161 | Q53: =ROUND(P53/2,0) -> 81 | S53: 22 | T53: 41 | U53: 21 | V53: 18 | W53: 71 | X53: =ROUND(SUM(S53:W53),0) -> 173 | Y53: =ROUND(X53/2,0) -> 87 | AA53: 20 | AB53: 31 | AC53: 11 | AD53: 16 | AE53: 43 | AF53: =ROUND(SUM(AA53:AE53),0) -> 121 | AG53: =ROUND(AF53/2,0) -> 61 | AI53: 21 | AJ53: 47 | AK53: 16 | AL53: 19 | AM53: 75 | AN53: =ROUND(SUM(AI53:AM53),0) -> 178 | AO53: =ROUND(AN53/2,0) -> 89 | AQ53: 7 | AR53: 6 | AS53: 2.5 | AT53: 9 | AU53: 2 | AV53: 5 | AW53: 4 | AX53: 13 | AY53: =ROUND(AQ53+AU53,0) -> 9 | AZ53: =ROUND(AR53+AV53,0) -> 11 | BA53: =ROUND(AS53+AW53,0) -> 7 | BB53: 13 | BC53: =ROUND(AT53+AX53,0) -> 22 | BD53: =SUM(AY53:BC53) -> 62 | BE53: =ROUND(BD53/2,0) -> 31 | BF53: 4 | BO53: A | BP53: A | BQ53: =J53+R53+Z53+AH53+AP53+BF53 -> 4 | BR53: =ROUND(I53+Q53+Y53+AG53+AO53+BE53,0) -> 418 | BS53: =BR53/6 -> 69.666667 | BT53: PROMOTED
A54: 49 | B54: SONI PARIDHI ASHISH | C54: 18 | D54: 38 | E54: 20 | F54: 16 | G54: 63 | H54: =ROUND(SUM(C54:G54),0) -> 155 | I54: =ROUND(H54/2,0) -> 78 | K54: 19 | L54: 44 | M54: 15 | N54: 18 | O54: 60 | P54: =ROUND(SUM(K54:O54),0) -> 156 | Q54: =ROUND(P54/2,0) -> 78 | S54: 25 | T54: 48 | U54: 21 | V54: 19 | W54: 73 | X54: =ROUND(SUM(S54:W54),0) -> 186 | Y54: =ROUND(X54/2,0) -> 93 | AA54: 25 | AB54: 30 | AC54: 17 | AD54: 20 | AE54: 60 | AF54: =ROUND(SUM(AA54:AE54),0) -> 152 | AG54: =ROUND(AF54/2,0) -> 76 | AI54: 25 | AJ54: 48 | AK54: 23 | AL54: 19 | AM54: 79 | AN54: =ROUND(SUM(AI54:AM54),0) -> 194 | AO54: =ROUND(AN54/2,0) -> 97 | AQ54: 12 | AR54: 25 | AS54: 9 | AT54: 35 | AU54: 10.5 | AV54: 14.5 | AW54: 7 | AX54: 14 | AY54: =ROUND(AQ54+AU54,0) -> 23 | AZ54: =ROUND(AR54+AV54,0) -> 40 | BA54: =ROUND(AS54+AW54,0) -> 16 | BB54: 18 | BC54: =ROUND(AT54+AX54,0) -> 49 | BD54: =SUM(AY54:BC54) -> 146 | BE54: =ROUND(BD54/2,0) -> 73 | BO54: A | BP54: B | BR54: =ROUND(I54+Q54+Y54+AG54+AO54+BE54,0) -> 495 | BS54: =BR54/6 -> 82.5 | BT54: =IF(BS54>=75,"GRADE I with Distinction",IF(BS54>=60,"GRADE I",IF(BS54>=45,"GRADE II",IF(BS54>=35,"PASS","FAIL")))) -> GRADE I with Distinction
A55: 50 | B55: SURVE VISHESH VISHVANATH | C55: 14 | D55: 32 | E55: 19 | F55: 18 | G55: 60 | H55: =ROUND(SUM(C55:G55),0) -> 143 | I55: =ROUND(H55/2,0) -> 72 | K55: 15 | L55: 38 | M55: 18 | N55: 17 | O55: 43 | P55: =ROUND(SUM(K55:O55),0) -> 131 | Q55: =ROUND(P55/2,0) -> 66 | S55: 25 | T55: 47 | U55: 21 | V55: 19 | W55: 70 | X55: =ROUND(SUM(S55:W55),0) -> 182 | Y55: =ROUND(X55/2,0) -> 91 | AA55: 23 | AB55: 35 | AC55: 18 | AD55: 20 | AE55: 51 | AF55: =ROUND(SUM(AA55:AE55),0) -> 147 | AG55: =ROUND(AF55/2,0) -> 74 | AI55: 20 | AJ55: 45 | AK55: 13 | AL55: 19 | AM55: 59 | AN55: =ROUND(SUM(AI55:AM55),0) -> 156 | AO55: =ROUND(AN55/2,0) -> 78 | AQ55: 6 | AR55: 14.5 | AS55: 6 | AT55: 24 | AU55: 7 | AV55: 11 | AW55: 7.5 | AX55: 27 | AY55: =ROUND(AQ55+AU55,0) -> 13 | AZ55: =ROUND(AR55+AV55,0) -> 26 | BA55: =ROUND(AS55+AW55,0) -> 14 | BB55: 16 | BC55: =ROUND(AT55+AX55,0) -> 51 | BD55: =SUM(AY55:BC55) -> 120 | BE55: =ROUND(BD55/2,0) -> 60 | BO55: B | BP55: A | BR55: =ROUND(I55+Q55+Y55+AG55+AO55+BE55,0) -> 441 | BS55: =BR55/6 -> 73.5 | BT55: =IF(BS55>=75,"GRADE I with Distinction",IF(BS55>=60,"GRADE I",IF(BS55>=45,"GRADE II",IF(BS55>=35,"PASS","FAIL")))) -> GRADE I
A56: 51 | B56: TANDEL MANTHAN KESARINATH | C56: 1 | D56: 2 | E56: 3 | F56: 12 | G56: 11 | H56: =ROUND(SUM(C56:G56),0) -> 29 | I56: =ROUND(H56/2,0) -> 15 | K56: 3 | L56: 10 | M56: 1 | N56: 12 | O56: 27 | P56: =ROUND(SUM(K56:O56),0) -> 53 | Q56: =ROUND(P56/2,0) -> 27 | S56: 3 | T56: 11 | U56: 1 | V56: 6 | W56: 10 | X56: =ROUND(SUM(S56:W56),0) -> 31 | Y56: =ROUND(X56/2,0) -> 16 | AA56: 2 | AB56: 1 | AC56: 3 | AD56: 10 | AE56: 5 | AF56: =ROUND(SUM(AA56:AE56),0) -> 21 | AG56: =ROUND(AF56/2,0) -> 11 | AI56: 3 | AJ56: 2 | AK56: 1 | AL56: 7 | AM56: 17 | AN56: =ROUND(SUM(AI56:AM56),0) -> 30 | AO56: =ROUND(AN56/2,0) -> 15 | AQ56: 1 | AR56: 1 | AS56: 2 | AT56: 6 | AU56: 0 | AV56: 3 | AW56: 0 | AX56: 6 | AY56: =ROUND(AQ56+AU56,0) -> 1 | AZ56: =ROUND(AR56+AV56,0) -> 4 | BA56: =ROUND(AS56+AW56,0) -> 2 | BB56: 4 | BC56: =ROUND(AT56+AX56,0) -> 12 | BD56: =SUM(AY56:BC56) -> 23 | BE56: =ROUND(BD56/2,0) -> 12 | BO56: B | BP56: C | BR56: =ROUND(I56+Q56+Y56+AG56+AO56+BE56,0) -> 96 | BS56: =BR56/6 -> 16 | BT56: =IF(BS56>=75,"GRADE I with Distinction",IF(BS56>=60,"GRADE I",IF(BS56>=45,"GRADE II",IF(BS56>=35,"PASS","FAIL")))) -> FAIL
A57: 52 | B57: TELI SNEHAL ANAND | C57: 9 | D57: 22 | E57: 10 | F57: 16 | G57: 51 | H57: =ROUND(SUM(C57:G57),0) -> 108 | I57: =ROUND(H57/2,0) -> 54 | K57: 14 | L57: 41 | M57: 21 | N57: 18 | O57: 27 | P57: =ROUND(SUM(K57:O57),0) -> 121 | Q57: =ROUND(P57/2,0) -> 61 | S57: 16 | T57: 46 | U57: 21 | V57: 18 | W57: 70 | X57: =ROUND(SUM(S57:W57),0) -> 171 | Y57: =ROUND(X57/2,0) -> 86 | AA57: 19 | AB57: 22 | AC57: 15 | AD57: 17 | AE57: 43 | AF57: =ROUND(SUM(AA57:AE57),0) -> 116 | AG57: =ROUND(AF57/2,0) -> 58 | AI57: 17 | AJ57: 36 | AK57: 18 | AL57: 16 | AM57: 57 | AN57: =ROUND(SUM(AI57:AM57),0) -> 144 | AO57: =ROUND(AN57/2,0) -> 72 | AQ57: 10 | AR57: 21 | AS57: 8.5 | AT57: 31 | AU57: 8 | AV57: 19 | AW57: 6.5 | AX57: 25 | AY57: =ROUND(AQ57+AU57,0) -> 18 | AZ57: =ROUND(AR57+AV57,0) -> 40 | BA57: =ROUND(AS57+AW57,0) -> 15 | BB57: 16 | BC57: =ROUND(AT57+AX57,0) -> 56 | BD57: =SUM(AY57:BC57) -> 145 | BE57: =ROUND(BD57/2,0) -> 73 | BO57: B | BP57: A | BR57: =ROUND(I57+Q57+Y57+AG57+AO57+BE57,0) -> 404 | BS57: =BR57/6 -> 67.333333 | BT57: =IF(BS57>=75,"GRADE I with Distinction",IF(BS57>=60,"GRADE I",IF(BS57>=45,"GRADE II",IF(BS57>=35,"PASS","FAIL")))) -> GRADE I
A58: 53 | B58: TIWARI PALAK VEDPRAKASH | C58: 16 | D58: 34 | E58: 17 | F58: 17 | G58: 60 | H58: =ROUND(SUM(C58:G58),0) -> 144 | I58: =ROUND(H58/2,0) -> 72 | K58: 21 | L58: 41 | M58: 20 | N58: 17 | O58: 51 | P58: =ROUND(SUM(K58:O58),0) -> 150 | Q58: =ROUND(P58/2,0) -> 75 | S58: 23 | T58: 45 | U58: 22 | V58: 19 | W58: 69 | X58: =ROUND(SUM(S58:W58),0) -> 178 | Y58: =ROUND(X58/2,0) -> 89 | AA58: 22 | AB58: 34 | AC58: 23 | AD58: 18 | AE58: 60 | AF58: =ROUND(SUM(AA58:AE58),0) -> 157 | AG58: =ROUND(AF58/2,0) -> 79 | AI58: 25 | AJ58: 42 | AK58: 21 | AL58: 20 | AM58: 75 | AN58: =ROUND(SUM(AI58:AM58),0) -> 183 | AO58: =ROUND(AN58/2,0) -> 92 | AQ58: 13 | AR58: 25 | AS58: 7 | AT58: 29 | AU58: 8.5 | AV58: 22 | AW58: 7 | AX58: 29 | AY58: =ROUND(AQ58+AU58,0) -> 22 | AZ58: =ROUND(AR58+AV58,0) -> 47 | BA58: =ROUND(AS58+AW58,0) -> 14 | BB58: 20 | BC58: =ROUND(AT58+AX58,0) -> 58 | BD58: =SUM(AY58:BC58) -> 161 | BE58: =ROUND(BD58/2,0) -> 81 | BO58: B | BP58: A | BR58: =ROUND(I58+Q58+Y58+AG58+AO58+BE58,0) -> 488 | BS58: =BR58/6 -> 81.333333 | BT58: =IF(BS58>=75,"GRADE I with Distinction",IF(BS58>=60,"GRADE I",IF(BS58>=45,"GRADE II",IF(BS58>=35,"PASS","FAIL")))) -> GRADE I with Distinction
A59: 54 | B59: VARUN PANWAR | C59: 8 | D59: 23 | E59: 11 | F59: 11 | G59: 44 | H59: =ROUND(SUM(C59:G59),0) -> 97 | I59: =ROUND(H59/2,0) -> 49 | K59: 15 | L59: 33 | M59: 9 | N59: 18 | O59: 64 | P59: =ROUND(SUM(K59:O59),0) -> 139 | Q59: =ROUND(P59/2,0) -> 70 | S59: 19 | T59: 32 | U59: 16 | V59: 15 | W59: 37 | X59: =ROUND(SUM(S59:W59),0) -> 119 | Y59: =ROUND(X59/2,0) -> 60 | AA59: 20 | AB59: 12 | AC59: 11 | AD59: 17 | AE59: 32 | AF59: =ROUND(SUM(AA59:AE59),0) -> 92 | AG59: =ROUND(AF59/2,0) -> 46 | AI59: 10 | AJ59: 39 | AK59: 15 | AL59: 14 | AM59: 41 | AN59: =ROUND(SUM(AI59:AM59),0) -> 119 | AO59: =ROUND(AN59/2,0) -> 60 | AQ59: 5.5 | AR59: 1.5 | AS59: 3.5 | AT59: 23 | AU59: 2 | AV59: 6.5 | AW59: 3.5 | AX59: 15 | AY59: =ROUND(AQ59+AU59,0) -> 8 | AZ59: =ROUND(AR59+AV59,0) -> 8 | BA59: =ROUND(AS59+AW59,0) -> 7 | BB59: 15 | BC59: =ROUND(AT59+AX59,0) -> 38 | BD59: =SUM(AY59:BC59) -> 76 | BE59: =ROUND(BD59/2,0) -> 38 | BO59: C | BP59: A | BR59: =ROUND(I59+Q59+Y59+AG59+AO59+BE59,0) -> 323 | BS59: =BR59/6 -> 53.833333 | BT59: =IF(BS59>=75,"GRADE I with Distinction",IF(BS59>=60,"GRADE I",IF(BS59>=45,"GRADE II",IF(BS59>=35,"PASS","FAIL")))) -> GRADE II
A60: 55 | B60: WADKAR ARYA PANDURANG | C60: 15 | D60: 36 | E60: 17 | F60: 16 | G60: 56 | H60: =ROUND(SUM(C60:G60),0) -> 140 | I60: =ROUND(H60/2,0) -> 70 | K60: 18 | L60: 46 | M60: 20 | N60: 18 | O60: 53 | P60: =ROUND(SUM(K60:O60),0) -> 155 | Q60: =ROUND(P60/2,0) -> 78 | S60: 23 | T60: 45 | U60: 22 | V60: 20 | W60: 71 | X60: =ROUND(SUM(S60:W60),0) -> 181 | Y60: =ROUND(X60/2,0) -> 91 | AA60: 22 | AB60: 36 | AC60: 23 | AD60: 20 | AE60: 60 | AF60: =ROUND(SUM(AA60:AE60),0) -> 161 | AG60: =ROUND(AF60/2,0) -> 81 | AI60: 22 | AJ60: 49 | AK60: 24 | AL60: 19 | AM60: 68 | AN60: =ROUND(SUM(AI60:AM60),0) -> 182 | AO60: =ROUND(AN60/2,0) -> 91 | AQ60: 12 | AR60: 24.5 | AS60: 8 | AT60: 34 | AU60: 10.5 | AV60: 19.5 | AW60: 10 | AX60: 34 | AY60: =ROUND(AQ60+AU60,0) -> 23 | AZ60: =ROUND(AR60+AV60,0) -> 44 | BA60: =ROUND(AS60+AW60,0) -> 18 | BB60: 20 | BC60: =ROUND(AT60+AX60,0) -> 68 | BD60: =SUM(AY60:BC60) -> 173 | BE60: =ROUND(BD60/2,0) -> 87 | BO60: A | BP60: A | BR60: =ROUND(I60+Q60+Y60+AG60+AO60+BE60,0) -> 498 | BS60: =BR60/6 -> 83 | BT60: =IF(BS60>=75,"GRADE I with Distinction",IF(BS60>=60,"GRADE I",IF(BS60>=45,"GRADE II",IF(BS60>=35,"PASS","FAIL")))) -> GRADE I with Distinction
A61: 56 | B61: YERALKAR SWAPNIL MAHESH | C61: 8 | D61: 26 | E61: 13 | F61: 18 | G61: 51 | H61: =ROUND(SUM(C61:G61),0) -> 116 | I61: =ROUND(H61/2,0) -> 58 | K61: 15 | L61: 38 | M61: 16 | N61: 18 | O61: 63 | P61: =ROUND(SUM(K61:O61),0) -> 150 | Q61: =ROUND(P61/2,0) -> 75 | S61: 23 | T61: 47 | U61: 18 | V61: 19 | W61: 67 | X61: =ROUND(SUM(S61:W61),0) -> 174 | Y61: =ROUND(X61/2,0) -> 87 | AA61: 23 | AB61: 37 | AC61: 14 | AD61: 17 | AE61: 53 | AF61: =ROUND(SUM(AA61:AE61),0) -> 144 | AG61: =ROUND(AF61/2,0) -> 72 | AI61: 23 | AJ61: 44 | AK61: 13 | AL61: 18 | AM61: 61 | AN61: =ROUND(SUM(AI61:AM61),0) -> 159 | AO61: =ROUND(AN61/2,0) -> 80 | AQ61: 11 | AR61: 20 | AS61: 8.5 | AT61: 27 | AU61: 10.5 | AV61: 20 | AW61: 6.5 | AX61: 32 | AY61: =ROUND(AQ61+AU61,0) -> 22 | AZ61: =ROUND(AR61+AV61,0) -> 40 | BA61: =ROUND(AS61+AW61,0) -> 15 | BB61: 15 | BC61: =ROUND(AT61+AX61,0) -> 59 | BD61: =SUM(AY61:BC61) -> 151 | BE61: =ROUND(BD61/2,0) -> 76 | BO61: A | BP61: A | BR61: =ROUND(I61+Q61+Y61+AG61+AO61+BE61,0) -> 448 | BS61: =BR61/6 -> 74.666667 | BT61: =IF(BS61>=75,"GRADE I with Distinction",IF(BS61>=60,"GRADE I",IF(BS61>=45,"GRADE II",IF(BS61>=35,"PASS","FAIL")))) -> GRADE I
A62: 57 | B62: ZAWARE GANESH SANTOSH | C62: 10 | D62: 29 | E62: 15 | F62: 12 | G62: 51 | H62: =ROUND(SUM(C62:G62),0) -> 117 | I62: =ROUND(H62/2,0) -> 59 | K62: 10 | L62: 35 | M62: 15 | N62: 18 | O62: 49 | P62: =ROUND(SUM(K62:O62),0) -> 127 | Q62: =ROUND(P62/2,0) -> 64 | S62: 22 | T62: 39 | U62: 19 | V62: 19 | W62: 62 | X62: =ROUND(SUM(S62:W62),0) -> 161 | Y62: =ROUND(X62/2,0) -> 81 | AA62: 23 | AB62: 14 | AC62: 13 | AD62: 19 | AE62: 46 | AF62: =ROUND(SUM(AA62:AE62),0) -> 115 | AG62: =ROUND(AF62/2,0) -> 58 | AI62: 14 | AJ62: 42 | AK62: 12 | AL62: 18 | AM62: 65 | AN62: =ROUND(SUM(AI62:AM62),0) -> 151 | AO62: =ROUND(AN62/2,0) -> 76 | AQ62: 7 | AR62: 17.5 | AS62: 3 | AT62: 30 | AU62: 9 | AV62: 12.5 | AW62: 4.5 | AX62: 28 | AY62: =ROUND(AQ62+AU62,0) -> 16 | AZ62: =ROUND(AR62+AV62,0) -> 30 | BA62: =ROUND(AS62+AW62,0) -> 8 | BB62: 15 | BC62: =ROUND(AT62+AX62,0) -> 58 | BD62: =SUM(AY62:BC62) -> 127 | BE62: =ROUND(BD62/2,0) -> 64 | BO62: A | BP62: A | BR62: =ROUND(I62+Q62+Y62+AG62+AO62+BE62,0) -> 402 | BS62: =BR62/6 -> 67 | BT62: =IF(BS62>=75,"GRADE I with Distinction",IF(BS62>=60,"GRADE I",IF(BS62>=45,"GRADE II",IF(BS62>=35,"PASS","FAIL")))) -> GRADE I
A63: 58 | B63: DHEERAJ AIL | C63: 9 | D63: 20 | E63: 11 | F63: 13 | G63: 37 | H63: =ROUND(SUM(C63:G63),0) -> 90 | I63: =ROUND(H63/2,0) -> 45 | K63: 14 | L63: 36 | M63: 14 | N63: 18 | O63: 59 | P63: =ROUND(SUM(K63:O63),0) -> 141 | Q63: =ROUND(P63/2,0) -> 71 | S63: 22 | T63: 42 | U63: 15 | V63: 20 | W63: 41 | X63: =ROUND(SUM(S63:W63),0) -> 140 | Y63: =ROUND(X63/2,0) -> 70 | AA63: 18 | AB63: 24 | AC63: 17 | AD63: 17 | AE63: 36 | AF63: =ROUND(SUM(AA63:AE63),0) -> 112 | AG63: =ROUND(AF63/2,0) -> 56 | AI63: 11 | AJ63: 34 | AK63: 10 | AL63: 18 | AM63: 44 | AN63: =ROUND(SUM(AI63:AM63),0) -> 117 | AO63: =ROUND(AN63/2,0) -> 59 | AQ63: 10 | AR63: 17 | AS63: 1 | AT63: 15 | AU63: 5.5 | AV63: 14 | AW63: 6 | AX63: 26 | AY63: =ROUND(AQ63+AU63,0) -> 16 | AZ63: =ROUND(AR63+AV63,0) -> 31 | BA63: =ROUND(AS63+AW63,0) -> 7 | BB63: 18 | BC63: =ROUND(AT63+AX63,0) -> 41 | BD63: =SUM(AY63:BC63) -> 113 | BE63: =ROUND(BD63/2,0) -> 57 | BO63: A | BP63: A | BR63: 358 #2 | BS63: 60 | BT63: =IF(BS63>=75,"GRADE I with Distinction",IF(BS63>=60,"GRADE I",IF(BS63>=45,"GRADE II",IF(BS63>=35,"PASS","FAIL")))) -> GRADE I
A64: 59 | B64: AARYAN ASHISH PANDEY | C64: 10 | D64: 23 | E64: 16 | F64: 13 | G64: 44 | H64: =ROUND(SUM(C64:G64),0) -> 106 | I64: =ROUND(H64/2,0) -> 53 | K64: 11 | L64: 35 | M64: 7 | N64: 19 | O64: 54 | P64: =ROUND(SUM(K64:O64),0) -> 126 | Q64: =ROUND(P64/2,0) -> 63 | S64: 16 | T64: 28 | U64: 11 | V64: 11 | W64: 35 | X64: =ROUND(SUM(S64:W64),0) -> 101 | Y64: =ROUND(X64/2,0) -> 51 | AA64: 12 | AB64: 8 | AC64: 0 | AD64: 12 | AE64: 43 | AF64: =ROUND(SUM(AA64:AE64),0) -> 75 | AG64: =ROUND(AF64/2,0) -> 38 | AI64: 14 | AJ64: 26 | AK64: 9 | AL64: 14 | AM64: 47 | AN64: =ROUND(SUM(AI64:AM64),0) -> 110 | AO64: =ROUND(AN64/2,0) -> 55 | AQ64: 10 | AR64: 6 | AS64: 2 | AT64: 13 | AU64: 5 | AV64: 11 | AW64: 3 | AX64: 15 | AY64: =ROUND(AQ64+AU64,0) -> 15 | AZ64: =ROUND(AR64+AV64,0) -> 17 | BA64: =ROUND(AS64+AW64,0) -> 5 | BB64: 11 | BC64: =ROUND(AT64+AX64,0) -> 28 | BD64: =SUM(AY64:BC64) -> 76 | BE64: =ROUND(BD64/2,0) -> 38 | BO64: A | BP64: B | BR64: =ROUND(I64+Q64+Y64+AG64+AO64+BE64,0) -> 298 | BS64: =BR64/6 -> 49.666667 | BT64: =IF(BS64>=75,"GRADE I with Distinction",IF(BS64>=60,"GRADE I",IF(BS64>=45,"GRADE II",IF(BS64>=35,"PASS","FAIL")))) -> GRADE II
A65: 60 | B65: ADYA JAGANNATHA SHETTY | C65: 13 | D65: 37 | E65: 17 | F65: 16 | G65: 58 | H65: =ROUND(SUM(C65:G65),0) -> 141 | I65: =ROUND(H65/2,0) -> 71 | K65: 19 | L65: 50 | M65: 22 | N65: 20 | O65: 78 | P65: =ROUND(SUM(K65:O65),0) -> 189 | Q65: =ROUND(P65/2,0) -> 95 | S65: 24 | T65: 47 | U65: 22 | V65: 19 | W65: 71 | X65: =ROUND(SUM(S65:W65),0) -> 183 | Y65: =ROUND(X65/2,0) -> 92 | AA65: 24 | AB65: 48 | AC65: 25 | AD65: 19 | AE65: 77 | AF65: =ROUND(SUM(AA65:AE65),0) -> 193 | AG65: =ROUND(AF65/2,0) -> 97 | AI65: 23 | AJ65: 49 | AK65: 25 | AL65: 20 | AM65: 78 | AN65: =ROUND(SUM(AI65:AM65),0) -> 195 | AO65: =ROUND(AN65/2,0) -> 98 | AQ65: 12 | AR65: 24 | AS65: 12 | AT65: 35 | AU65: 11 | AV65: 22 | AW65: 13 | AX65: 37 | AY65: =ROUND(AQ65+AU65,0) -> 23 | AZ65: =ROUND(AR65+AV65,0) -> 46 | BA65: =ROUND(AS65+AW65,0) -> 25 | BB65: 20 | BC65: =ROUND(AT65+AX65,0) -> 72 | BD65: =SUM(AY65:BC65) -> 186 | BE65: =ROUND(BD65/2,0) -> 93 | BO65: A | BP65: A | BR65: =ROUND(I65+Q65+Y65+AG65+AO65+BE65,0) -> 546 | BS65: =BR65/6 -> 91 | BT65: =IF(BS65>=75,"GRADE I with Distinction",IF(BS65>=60,"GRADE I",IF(BS65>=45,"GRADE II",IF(BS65>=35,"PASS","FAIL")))) -> GRADE I with Distinction
A66: 61 | B66: AASTHA KAILASH HASWANI | C66: 13 | D66: 35 | E66: 18 | F66: 16 | G66: 57 | H66: =ROUND(SUM(C66:G66),0) -> 139 | I66: =ROUND(H66/2,0) -> 70 | K66: 23 | L66: 42 | M66: 18 | N66: 17 | O66: 66 | P66: =ROUND(SUM(K66:O66),0) -> 166 | Q66: =ROUND(P66/2,0) -> 83 | S66: 25 | T66: 44 | U66: 22 | V66: 20 | W66: 71 | X66: =ROUND(SUM(S66:W66),0) -> 182 | Y66: =ROUND(X66/2,0) -> 91 | AA66: 24 | AB66: 37 | AC66: 18 | AD66: 17 | AE66: 63 | AF66: =ROUND(SUM(AA66:AE66),0) -> 159 | AG66: =ROUND(AF66/2,0) -> 80 | AI66: 25 | AJ66: 49 | AK66: 23 | AL66: 19 | AM66: 77 | AN66: =ROUND(SUM(AI66:AM66),0) -> 193 | AO66: =ROUND(AN66/2,0) -> 97 | AQ66: 10 | AR66: 25 | AS66: 9.5 | AT66: 33 | AU66: 12 | AV66: 23 | AW66: 8 | AX66: 33 | AY66: =ROUND(AQ66+AU66,0) -> 22 | AZ66: =ROUND(AR66+AV66,0) -> 48 | BA66: =ROUND(AS66+AW66,0) -> 18 | BB66: 20 | BC66: =ROUND(AT66+AX66,0) -> 66 | BD66: =SUM(AY66:BC66) -> 174 | BE66: =ROUND(BD66/2,0) -> 87 | BO66: A | BP66: A | BR66: =ROUND(I66+Q66+Y66+AG66+AO66+BE66,0) -> 508 | BS66: =BR66/6 -> 84.666667 | BT66: =IF(BS66>=75,"GRADE I with Distinction",IF(BS66>=60,"GRADE I",IF(BS66>=45,"GRADE II",IF(BS66>=35,"PASS","FAIL")))) -> GRADE I with Distinction
A67: 62 | B67: ABDUL MATIN HAJI MOHAMMED | C67: 10 | D67: 20 | E67: 11 | F67: 12 | G67: 36 | H67: =ROUND(SUM(C67:G67),0) -> 89 | I67: =ROUND(H67/2,0) -> 45 | K67: 7 | L67: 26 | M67: 6 | N67: 8 | O67: 18 | P67: =ROUND(SUM(K67:O67),0) -> 65 | Q67: =ROUND(P67/2,0) -> 33 | R67: 2 | S67: 18 | T67: 28 | U67: 7 | V67: 16 | W67: 46 | X67: =ROUND(SUM(S67:W67),0) -> 115 | Y67: =ROUND(X67/2,0) -> 58 | AA67: 18 | AB67: 8 | AC67: 7 | AD67: 10 | AE67: 21 | AF67: =ROUND(SUM(AA67:AE67),0) -> 64 | AG67: =ROUND(AF67/2,0) -> 32 | AH67: 3 | AI67: 12 | AJ67: 20 | AK67: 9 | AL67: 16 | AM67: 31 | AN67: =ROUND(SUM(AI67:AM67),0) -> 88 | AO67: =ROUND(AN67/2,0) -> 44 | AQ67: 4 | AR67: 3 | AS67: 1 | AT67: 9 | AU67: 1 | AV67: 5 | AW67: 3 | AX67: 16 | AY67: =ROUND(AQ67+AU67,0) -> 5 | AZ67: =ROUND(AR67+AV67,0) -> 8 | BA67: =ROUND(AS67+AW67,0) -> 4 | BB67: 7 | BC67: =ROUND(AT67+AX67,0) -> 25 | BD67: =SUM(AY67:BC67) -> 49 | BE67: =ROUND(BD67/2,0) -> 25 | BF67: 10 | BO67: A | BP67: B | BQ67: 15 | BR67: =ROUND(I67+Q67+Y67+AG67+AO67+BE67,0) -> 237 | BS67: =BR67/6 -> 39.5 | BT67: PROMOTED
A68: 63 | B68: AKSHAYALAKSHMI B | C68: 12 | D68: 16 | E68: 15 | F68: 13 | G68: 36 | H68: =ROUND(SUM(C68:G68),0) -> 92 | I68: =ROUND(H68/2,0) -> 46 | K68: 12 | L68: 17 | M68: 10 | N68: 15 | O68: 32 | P68: =ROUND(SUM(K68:O68),0) -> 86 | Q68: =ROUND(P68/2,0) -> 43 | S68: 15 | T68: 35 | U68: 14 | V68: 17 | W68: 54 | X68: =ROUND(SUM(S68:W68),0) -> 135 | Y68: =ROUND(X68/2,0) -> 68 | AA68: 19 | AB68: 17 | AC68: 11 | AD68: 14 | AE68: 33 | AF68: =ROUND(SUM(AA68:AE68),0) -> 94 | AG68: =ROUND(AF68/2,0) -> 47 | AI68: 15 | AJ68: 23 | AK68: 10 | AL68: 19 | AM68: 54 | AN68: =ROUND(SUM(AI68:AM68),0) -> 121 | AO68: =ROUND(AN68/2,0) -> 61 | AQ68: 10 | AR68: 15.5 | AS68: 6.5 | AT68: 16 | AU68: 5 | AV68: 7 | AW68: 2 | AX68: 8 | AY68: =ROUND(AQ68+AU68,0) -> 15 | AZ68: =ROUND(AR68+AV68,0) -> 23 | BA68: =ROUND(AS68+AW68,0) -> 9 | BB68: 9 | BC68: =ROUND(AT68+AX68,0) -> 24 | BD68: =SUM(AY68:BC68) -> 80 | BE68: =ROUND(BD68/2,0) -> 40 | BO68: A | BP68: B | BR68: =ROUND(I68+Q68+Y68+AG68+AO68+BE68,0) -> 305 | BS68: =BR68/6 -> 50.833333 | BT68: =IF(BS68>=75,"GRADE I with Distinction",IF(BS68>=60,"GRADE I",IF(BS68>=45,"GRADE II",IF(BS68>=35,"PASS","FAIL")))) -> GRADE II
A69: 64 | B69: ALTHAF MOHAMMED MUSTAFA | C69: 9 | D69: 15 | E69: 10 | F69: 12 | G69: 42 | H69: =ROUND(SUM(C69:G69),0) -> 88 | I69: =ROUND(H69/2,0) -> 44 | K69: 12 | L69: 22 | M69: 9 | N69: 16 | O69: 23 | P69: =ROUND(SUM(K69:O69),0) -> 82 | Q69: =ROUND(P69/2,0) -> 41 | S69: 16 | T69: 28 | U69: 13 | V69: 15 | W69: 34 | X69: =ROUND(SUM(S69:W69),0) -> 106 | Y69: =ROUND(X69/2,0) -> 53 | AA69: 16 | AB69: 17 | AC69: 11 | AD69: 15 | AE69: 30 | AF69: =ROUND(SUM(AA69:AE69),0) -> 89 | AG69: =ROUND(AF69/2,0) -> 45 | AI69: 7 | AJ69: 20 | AK69: 8 | AL69: 20 | AM69: 40 | AN69: =ROUND(SUM(AI69:AM69),0) -> 95 | AO69: =ROUND(AN69/2,0) -> 48 | AQ69: 9 | AR69: 12 | AS69: 4.5 | AT69: 18 | AU69: 5 | AV69: 7 | AW69: 1.5 | AX69: 12 | AY69: =ROUND(AQ69+AU69,0) -> 14 | AZ69: =ROUND(AR69+AV69,0) -> 19 | BA69: =ROUND(AS69+AW69,0) -> 6 | BB69: 12 | BC69: =ROUND(AT69+AX69,0) -> 30 | BD69: =SUM(AY69:BC69) -> 81 | BE69: =ROUND(BD69/2,0) -> 41 | BO69: A | BP69: B | BR69: =ROUND(I69+Q69+Y69+AG69+AO69+BE69,0) -> 272 | BS69: =BR69/6 -> 45.333333 | BT69: =IF(BS69>=75,"GRADE I with Distinction",IF(BS69>=60,"GRADE I",IF(BS69>=45,"GRADE II",IF(BS69>=35,"PASS","FAIL")))) -> GRADE II
A70: 65 | B70: ANJANAA JAYAPRAKASH | C70: 8 | D70: 19 | E70: 12 | F70: 15 | G70: 35 | H70: =ROUND(SUM(C70:G70),0) -> 89 | I70: =ROUND(H70/2,0) -> 45 | K70: 10 | L70: 17 | M70: 10 | N70: 14 | O70: 20 | P70: =ROUND(SUM(K70:O70),0) -> 71 | Q70: =ROUND(P70/2,0) -> 36 | S70: 18 | T70: 35 | U70: 14 | V70: 19 | W70: 42 | X70: =ROUND(SUM(S70:W70),0) -> 128 | Y70: =ROUND(X70/2,0) -> 64 | AA70: 19 | AB70: 22 | AC70: 12 | AD70: 16 | AE70: 32 | AF70: =ROUND(SUM(AA70:AE70),0) -> 101 | AG70: =ROUND(AF70/2,0) -> 51 | AI70: 11 | AJ70: 32 | AK70: 12 | AL70: 16 | AM70: 52 | AN70: =ROUND(SUM(AI70:AM70),0) -> 123 | AO70: =ROUND(AN70/2,0) -> 62 | AQ70: 8 | AR70: 6 | AS70: 3 | AT70: 11 | AU70: 6 | AV70: 11 | AW70: 1.5 | AX70: 8 | AY70: =ROUND(AQ70+AU70,0) -> 14 | AZ70: =ROUND(AR70+AV70,0) -> 17 | BA70: =ROUND(AS70+AW70,0) -> 5 | BB70: 15 | BC70: =ROUND(AT70+AX70,0) -> 19 | BD70: =SUM(AY70:BC70) -> 70 | BE70: =ROUND(BD70/2,0) -> 35 | BO70: B | BP70: B | BR70: =ROUND(I70+Q70+Y70+AG70+AO70+BE70,0) -> 293 | BS70: =BR70/6 -> 48.833333 | BT70: =IF(BS70>=75,"GRADE I with Distinction",IF(BS70>=60,"GRADE I",IF(BS70>=45,"GRADE II",IF(BS70>=35,"PASS","FAIL")))) -> GRADE II
A71: 66 | B71: ANUSHREE RAMESH | C71: 11 | D71: 19 | E71: 14 | F71: 18 | G71: 48 | H71: =ROUND(SUM(C71:G71),0) -> 110 | I71: =ROUND(H71/2,0) -> 55 | K71: 16 | L71: 40 | M71: 18 | N71: 17 | O71: 41 | P71: =ROUND(SUM(K71:O71),0) -> 132 | Q71: =ROUND(P71/2,0) -> 66 | S71: 23 | T71: 46 | U71: 20 | V71: 20 | W71: 67 | X71: =ROUND(SUM(S71:W71),0) -> 176 | Y71: =ROUND(X71/2,0) -> 88 | AA71: 20 | AB71: 32 | AC71: 13 | AD71: 16 | AE71: 46 | AF71: =ROUND(SUM(AA71:AE71),0) -> 127 | AG71: =ROUND(AF71/2,0) -> 64 | AI71: 23 | AJ71: 42 | AK71: 14 | AL71: 18 | AM71: 67 | AN71: =ROUND(SUM(AI71:AM71),0) -> 164 | AO71: =ROUND(AN71/2,0) -> 82 | AQ71: 12 | AR71: 12 | AS71: 5 | AT71: 27 | AU71: 8 | AV71: 17 | AW71: 6 | AX71: 26 | AY71: =ROUND(AQ71+AU71,0) -> 20 | AZ71: =ROUND(AR71+AV71,0) -> 29 | BA71: =ROUND(AS71+AW71,0) -> 11 | BB71: 17 | BC71: =ROUND(AT71+AX71,0) -> 53 | BD71: =SUM(AY71:BC71) -> 130 | BE71: =ROUND(BD71/2,0) -> 65 | BO71: A | BP71: B | BR71: =ROUND(I71+Q71+Y71+AG71+AO71+BE71,0) -> 420 | BS71: =BR71/6 -> 70 | BT71: =IF(BS71>=75,"GRADE I with Distinction",IF(BS71>=60,"GRADE I",IF(BS71>=45,"GRADE II",IF(BS71>=35,"PASS","FAIL")))) -> GRADE I
A72: 67 | B72: ARYAN ASHISH | C72: 2 | D72: 9 | E72: 5 | F72: 17 | G72: 26 | H72: =ROUND(SUM(C72:G72),0) -> 59 | I72: =ROUND(H72/2,0) -> 30 | J72: 5 | K72: 3 | L72: 17 | M72: 8 | N72: 17 | O72: 14 | P72: =ROUND(SUM(K72:O72),0) -> 59 | Q72: =ROUND(P72/2,0) -> 30 | R72: 5 | S72: 7 | T72: 22 | U72: 13 | V72: 13 | W72: 35 | X72: =ROUND(SUM(S72:W72),0) -> 90 | Y72: =ROUND(X72/2,0) -> 45 | AA72: 11 | AB72: 14 | AC72: 12 | AD72: 13 | AE72: 21 | AF72: =ROUND(SUM(AA72:AE72),0) -> 71 | AG72: =ROUND(AF72/2,0) -> 36 | AI72: 4 | AJ72: 13 | AK72: 8 | AL72: 15 | AM72: 30 | AN72: =ROUND(SUM(AI72:AM72),0) -> 70 | AO72: =ROUND(AN72/2,0) -> 35 | AQ72: 8 | AR72: 6 | AS72: 4 | AT72: 10 | AU72: 1 | AV72: 6 | AW72: 2 | AX72: 13 | AY72: =ROUND(AQ72+AU72,0) -> 9 | AZ72: =ROUND(AR72+AV72,0) -> 12 | BA72: =ROUND(AS72+AW72,0) -> 6 | BB72: 9 | BC72: =ROUND(AT72+AX72,0) -> 23 | BD72: =SUM(AY72:BC72) -> 59 | BE72: =ROUND(BD72/2,0) -> 30 | BF72: 5 | BO72: B | BP72: B | BQ72: 15 | BR72: =ROUND(I72+Q72+Y72+AG72+AO72+BE72,0) -> 206 | BS72: =BR72/6 -> 34.333333 | BT72: PROMOTED
A73: 68 | B73: ASHAAZ ABUBAKAR SHAIKH | C73: 13 | D73: 28 | E73: 18 | F73: 17 | G73: 56 | H73: =ROUND(SUM(C73:G73),0) -> 132 | I73: =ROUND(H73/2,0) -> 66 | K73: 14 | L73: 30 | M73: 14 | N73: 17 | O73: 45 | P73: =ROUND(SUM(K73:O73),0) -> 120 | Q73: =ROUND(P73/2,0) -> 60 | S73: 23 | T73: 44 | U73: 18 | V73: 19 | W73: 60 | X73: =ROUND(SUM(S73:W73),0) -> 164 | Y73: =ROUND(X73/2,0) -> 82 | AA73: 24 | AB73: 38 | AC73: 20 | AD73: 18 | AE73: 67 | AF73: =ROUND(SUM(AA73:AE73),0) -> 167 | AG73: =ROUND(AF73/2,0) -> 84 | AI73: 24 | AJ73: 45 | AK73: 16 | AL73: 20 | AM73: 61 | AN73: =ROUND(SUM(AI73:AM73),0) -> 166 | AO73: =ROUND(AN73/2,0) -> 83 | AQ73: 12 | AR73: 21 | AS73: 8.5 | AT73: 31 | AU73: 10 | AV73: 23 | AW73: 9.5 | AX73: 34 | AY73: =ROUND(AQ73+AU73,0) -> 22 | AZ73: =ROUND(AR73+AV73,0) -> 44 | BA73: =ROUND(AS73+AW73,0) -> 18 | BB73: 13 | BC73: =ROUND(AT73+AX73,0) -> 65 | BD73: =SUM(AY73:BC73) -> 162 | BE73: =ROUND(BD73/2,0) -> 81 | BO73: A | BP73: A | BR73: =ROUND(I73+Q73+Y73+AG73+AO73+BE73,0) -> 456 | BS73: =BR73/6 -> 76 | BT73: =IF(BS73>=75,"GRADE I with Distinction",IF(BS73>=60,"GRADE I",IF(BS73>=45,"GRADE II",IF(BS73>=35,"PASS","FAIL")))) -> GRADE I with Distinction
A74: 69 | B74: BHANUSHALI PAYAL HITESH | C74: 17 | D74: 27 | E74: 19 | F74: 16 | G74: 58 | H74: =ROUND(SUM(C74:G74),0) -> 137 | I74: =ROUND(H74/2,0) -> 69 | K74: 21 | L74: 37 | M74: 19 | N74: 17 | O74: 55 | P74: =ROUND(SUM(K74:O74),0) -> 149 | Q74: =ROUND(P74/2,0) -> 75 | S74: 20 | T74: 48 | U74: 21 | V74: 19 | W74: 73 | X74: =ROUND(SUM(S74:W74),0) -> 181 | Y74: =ROUND(X74/2,0) -> 91 | AA74: 17 | AB74: 35 | AC74: 20 | AD74: 19 | AE74: 53 | AF74: =ROUND(SUM(AA74:AE74),0) -> 144 | AG74: =ROUND(AF74/2,0) -> 72 | AI74: 20 | AJ74: 45 | AK74: 17 | AL74: 20 | AM74: 73 | AN74: =ROUND(SUM(AI74:AM74),0) -> 175 | AO74: =ROUND(AN74/2,0) -> 88 | AQ74: 10 | AR74: 17.5 | AS74: 2.5 | AT74: 34 | AU74: 8 | AV74: 18 | AW74: 6.5 | AX74: 29 | AY74: =ROUND(AQ74+AU74,0) -> 18 | AZ74: =ROUND(AR74+AV74,0) -> 36 | BA74: =ROUND(AS74+AW74,0) -> 9 | BB74: 15 | BC74: =ROUND(AT74+AX74,0) -> 63 | BD74: =SUM(AY74:BC74) -> 141 | BE74: =ROUND(BD74/2,0) -> 71 | BO74: A | BP74: A | BR74: =ROUND(I74+Q74+Y74+AG74+AO74+BE74,0) -> 466 | BS74: =BR74/6 -> 77.666667 | BT74: =IF(BS74>=75,"GRADE I with Distinction",IF(BS74>=60,"GRADE I",IF(BS74>=45,"GRADE II",IF(BS74>=35,"PASS","FAIL")))) -> GRADE I with Distinction
A75: 70 | B75: BHANUSHALI URVI SHANKAR | C75: 10 | D75: 22 | E75: 16 | F75: 17 | G75: 42 | H75: =ROUND(SUM(C75:G75),0) -> 107 | I75: =ROUND(H75/2,0) -> 54 | K75: 17 | L75: 29 | M75: 17 | N75: 16 | O75: 59 | P75: =ROUND(SUM(K75:O75),0) -> 138 | Q75: =ROUND(P75/2,0) -> 69 | S75: 22 | T75: 47 | U75: 18 | V75: 19 | W75: 68 | X75: =ROUND(SUM(S75:W75),0) -> 174 | Y75: =ROUND(X75/2,0) -> 87 | AA75: 15 | AB75: 27 | AC75: 21 | AD75: 16 | AE75: 42 | AF75: =ROUND(SUM(AA75:AE75),0) -> 121 | AG75: =ROUND(AF75/2,0) -> 61 | AI75: 19 | AJ75: 40 | AK75: 20 | AL75: 20 | AM75: 61 | AN75: =ROUND(SUM(AI75:AM75),0) -> 160 | AO75: =ROUND(AN75/2,0) -> 80 | AQ75: 8 | AR75: 16 | AS75: 3 | AT75: 26 | AU75: 6 | AV75: 21.5 | AW75: 6.5 | AX75: 23 | AY75: =ROUND(AQ75+AU75,0) -> 14 | AZ75: =ROUND(AR75+AV75,0) -> 38 | BA75: =ROUND(AS75+AW75,0) -> 10 | BB75: 15 | BC75: =ROUND(AT75+AX75,0) -> 49 | BD75: =SUM(AY75:BC75) -> 126 | BE75: =ROUND(BD75/2,0) -> 63 | BO75: A | BP75: A | BR75: =ROUND(I75+Q75+Y75+AG75+AO75+BE75,0) -> 414 | BS75: =BR75/6 -> 69 | BT75: =IF(BS75>=75,"GRADE I with Distinction",IF(BS75>=60,"GRADE I",IF(BS75>=45,"GRADE II",IF(BS75>=35,"PASS","FAIL")))) -> GRADE I
A76: 71 | B76: BHOKRE MUGDHA UDAY | C76: 11 | D76: 25 | E76: 18 | F76: 16 | G76: 54 | H76: =ROUND(SUM(C76:G76),0) -> 124 | I76: =ROUND(H76/2,0) -> 62 | K76: 19 | L76: 31 | M76: 14 | N76: 17 | O76: 47 | P76: =ROUND(SUM(K76:O76),0) -> 128 | Q76: =ROUND(P76/2,0) -> 64 | S76: 21 | T76: 43 | U76: 19 | V76: 18 | W76: 58 | X76: =ROUND(SUM(S76:W76),0) -> 159 | Y76: =ROUND(X76/2,0) -> 80 | AA76: 21 | AB76: 29 | AC76: 11 | AD76: 16 | AE76: 47 | AF76: =ROUND(SUM(AA76:AE76),0) -> 124 | AG76: =ROUND(AF76/2,0) -> 62 | AI76: 22 | AJ76: 38 | AK76: 13 | AL76: 19 | AM76: 59 | AN76: =ROUND(SUM(AI76:AM76),0) -> 151 | AO76: =ROUND(AN76/2,0) -> 76 | AQ76: 10 | AR76: 14 | AS76: 5 | AT76: 17 | AU76: 4 | AV76: 9 | AW76: 2.5 | AX76: 20 | AY76: =ROUND(AQ76+AU76,0) -> 14 | AZ76: =ROUND(AR76+AV76,0) -> 23 | BA76: =ROUND(AS76+AW76,0) -> 8 | BB76: 14 | BC76: =ROUND(AT76+AX76,0) -> 37 | BD76: =SUM(AY76:BC76) -> 96 | BE76: =ROUND(BD76/2,0) -> 48 | BO76: A | BP76: A | BR76: =ROUND(I76+Q76+Y76+AG76+AO76+BE76,0) -> 392 | BS76: =BR76/6 -> 65.333333 | BT76: =IF(BS76>=75,"GRADE I with Distinction",IF(BS76>=60,"GRADE I",IF(BS76>=45,"GRADE II",IF(BS76>=35,"PASS","FAIL")))) -> GRADE I
A77: 72 | B77: BUGDE YASHAS ANIL | C77: 9 | D77: 19 | E77: 16 | F77: 12 | G77: 32 | H77: =ROUND(SUM(C77:G77),0) -> 88 | I77: =ROUND(H77/2,0) -> 44 | K77: 13 | L77: 13 | M77: 11 | N77: 12 | O77: 27 | P77: =ROUND(SUM(K77:O77),0) -> 76 | Q77: =ROUND(P77/2,0) -> 38 | S77: 8 | T77: 14 | U77: 2 | V77: 13 | W77: 33 | X77: =ROUND(SUM(S77:W77),0) -> 70 | Y77: =ROUND(X77/2,0) -> 35 | AA77: 5 | AB77: 7 | AC77: 7 | AD77: 7 | AE77: 32 | AF77: =ROUND(SUM(AA77:AE77),0) -> 58 | AG77: =ROUND(AF77/2,0) -> 29 | AH77: 6 | AI77: 6 | AJ77: 9 | AK77: 3 | AL77: 15 | AM77: 36 | AN77: =ROUND(SUM(AI77:AM77),0) -> 69 | AO77: =ROUND(AN77/2,0) -> 35 | AQ77: 10 | AR77: 0 | AS77: 2 | AT77: 11 | AU77: 5 | AV77: 5.5 | AW77: 1 | AX77: 13 | AY77: =ROUND(AQ77+AU77,0) -> 15 | AZ77: =ROUND(AR77+AV77,0) -> 6 | BA77: =ROUND(AS77+AW77,0) -> 3 | BB77: 11 | BC77: =ROUND(AT77+AX77,0) -> 24 | BD77: =SUM(AY77:BC77) -> 59 | BE77: =ROUND(BD77/2,0) -> 30 | BF77: 5 | BO77: C | BP77: B | BQ77: 11 | BR77: =ROUND(I77+Q77+Y77+AG77+AO77+BE77,0) -> 211 | BS77: =BR77/6 -> 35.166667 | BT77: PROMOTED
A78: 73 | B78: CHAVAN PRANISHA VINESH | C78: 4 | D78: 11 | E78: 7 | F78: 11 | G78: 31 | H78: =ROUND(SUM(C78:G78),0) -> 64 | I78: =ROUND(H78/2,0) -> 32 | K78: 4 | L78: 15 | M78: 3 | N78: 12 | O78: 19 | P78: =ROUND(SUM(K78:O78),0) -> 53 | Q78: =ROUND(P78/2,0) -> 27 | S78: 8 | T78: 14 | U78: 5 | V78: 11 | W78: 30 | X78: =ROUND(SUM(S78:W78),0) -> 68 | Y78: =ROUND(X78/2,0) -> 34 | AA78: 11 | AB78: 4 | AC78: 8 | AD78: 9 | AE78: 6 | AF78: =ROUND(SUM(AA78:AE78),0) -> 38 | AG78: =ROUND(AF78/2,0) -> 19 | AI78: 5 | AJ78: 6 | AK78: 2 | AL78: 8 | AM78: 24 | AN78: =ROUND(SUM(AI78:AM78),0) -> 45 | AO78: =ROUND(AN78/2,0) -> 23 | AQ78: 2 | AR78: 0 | AS78: 2 | AT78: 10 | AU78: 1 | AV78: 5 | AW78: 0 | AX78: 8 | AY78: =ROUND(AQ78+AU78,0) -> 3 | AZ78: =ROUND(AR78+AV78,0) -> 5 | BA78: =ROUND(AS78+AW78,0) -> 2 | BB78: 2 | BC78: =ROUND(AT78+AX78,0) -> 18 | BD78: =SUM(AY78:BC78) -> 30 | BE78: =ROUND(BD78/2,0) -> 15 | BO78: D | BP78: B | BR78: =ROUND(I78+Q78+Y78+AG78+AO78+BE78,0) -> 150 | BS78: =BR78/6 -> 25 | BT78: =IF(BS78>=75,"GRADE I with Distinction",IF(BS78>=60,"GRADE I",IF(BS78>=45,"GRADE II",IF(BS78>=35,"PASS","FAIL")))) -> FAIL
A79: 74 | B79: DESAI VIBHUTI ANIL | C79: 11 | D79: 32 | E79: 17 | F79: 18 | G79: 54 | H79: =ROUND(SUM(C79:G79),0) -> 132 | I79: =ROUND(H79/2,0) -> 66 | K79: 20 | L79: 41 | M79: 20 | N79: 17 | O79: 62 | P79: =ROUND(SUM(K79:O79),0) -> 160 | Q79: =ROUND(P79/2,0) -> 80 | S79: 23 | T79: 49 | U79: 23 | V79: 19 | W79: 75 | X79: =ROUND(SUM(S79:W79),0) -> 189 | Y79: =ROUND(X79/2,0) -> 95 | AA79: 24 | AB79: 39 | AC79: 22 | AD79: 19 | AE79: 69 | AF79: =ROUND(SUM(AA79:AE79),0) -> 173 | AG79: =ROUND(AF79/2,0) -> 87 | AI79: 22 | AJ79: 49 | AK79: 23 | AL79: 20 | AM79: 75 | AN79: =ROUND(SUM(AI79:AM79),0) -> 189 | AO79: =ROUND(AN79/2,0) -> 95 | AQ79: 12 | AR79: 23 | AS79: 7 | AT79: 26 | AU79: 9 | AV79: 17.5 | AW79: 8.5 | AX79: 30 | AY79: =ROUND(AQ79+AU79,0) -> 21 | AZ79: =ROUND(AR79+AV79,0) -> 41 | BA79: =ROUND(AS79+AW79,0) -> 16 | BB79: 20 | BC79: =ROUND(AT79+AX79,0) -> 56 | BD79: =SUM(AY79:BC79) -> 154 | BE79: =ROUND(BD79/2,0) -> 77 | BO79: A | BP79: A | BR79: =ROUND(I79+Q79+Y79+AG79+AO79+BE79,0) -> 500 | BS79: =BR79/6 -> 83.333333 | BT79: =IF(BS79>=75,"GRADE I with Distinction",IF(BS79>=60,"GRADE I",IF(BS79>=45,"GRADE II",IF(BS79>=35,"PASS","FAIL")))) -> GRADE I with Distinction
A80: 75 | B80: FARAAZ HUSSAIN MEHBOOB HUSSAIN | C80: 2 | D80: 8 | E80: 7 | F80: 12 | G80: 40 | H80: =ROUND(SUM(C80:G80),0) -> 69 | I80: =ROUND(H80/2,0) -> 35 | K80: 13 | L80: 27 | M80: 12 | N80: 14 | O80: 30 | P80: =ROUND(SUM(K80:O80),0) -> 96 | Q80: =ROUND(P80/2,0) -> 48 | S80: 13 | T80: 26 | U80: 13 | V80: 9 | W80: 47 | X80: =ROUND(SUM(S80:W80),0) -> 108 | Y80: =ROUND(X80/2,0) -> 54 | AA80: 13 | AB80: 13 | AC80: 7 | AD80: 16 | AE80: 47 | AF80: =ROUND(SUM(AA80:AE80),0) -> 96 | AG80: =ROUND(AF80/2,0) -> 48 | AI80: 14 | AJ80: 28 | AK80: 12 | AL80: 16 | AM80: 37 | AN80: =ROUND(SUM(AI80:AM80),0) -> 107 | AO80: =ROUND(AN80/2,0) -> 54 | AQ80: 3.5 | AR80: 11.5 | AS80: 4 | AT80: 14 | AU80: 7 | AV80: 13 | AW80: 2.5 | AX80: 14 | AY80: =ROUND(AQ80+AU80,0) -> 11 | AZ80: =ROUND(AR80+AV80,0) -> 25 | BA80: =ROUND(AS80+AW80,0) -> 7 | BB80: 18 | BC80: =ROUND(AT80+AX80,0) -> 28 | BD80: =SUM(AY80:BC80) -> 89 | BE80: =ROUND(BD80/2,0) -> 45 | BO80: A | BP80: A | BR80: =ROUND(I80+Q80+Y80+AG80+AO80+BE80,0) -> 284 | BS80: =BR80/6 -> 47.333333 | BT80: =IF(BS80>=75,"GRADE I with Distinction",IF(BS80>=60,"GRADE I",IF(BS80>=45,"GRADE II",IF(BS80>=35,"PASS","FAIL")))) -> GRADE II
A81: 76 | B81: GAVHANE JIDNYASA BHALCHANDRA | C81: 14 | D81: 21 | E81: 14 | F81: 17 | G81: 48 | H81: =ROUND(SUM(C81:G81),0) -> 114 | I81: =ROUND(H81/2,0) -> 57 | K81: 20 | L81: 29 | M81: 19 | N81: 16 | O81: 50 | P81: =ROUND(SUM(K81:O81),0) -> 134 | Q81: =ROUND(P81/2,0) -> 67 | S81: 21 | T81: 32 | U81: 9 | V81: 19 | W81: 61 | X81: =ROUND(SUM(S81:W81),0) -> 142 | Y81: =ROUND(X81/2,0) -> 71 | AA81: 24 | AB81: 29 | AC81: 24 | AD81: 19 | AE81: 54 | AF81: =ROUND(SUM(AA81:AE81),0) -> 150 | AG81: =ROUND(AF81/2,0) -> 75 | AI81: 21 | AJ81: 28 | AK81: 18 | AL81: 17 | AM81: 66 | AN81: =ROUND(SUM(AI81:AM81),0) -> 150 | AO81: =ROUND(AN81/2,0) -> 75 | AQ81: 12 | AR81: 21 | AS81: 7 | AT81: 29 | AU81: 6 | AV81: 15.5 | AW81: 8 | AX81: 32 | AY81: =ROUND(AQ81+AU81,0) -> 18 | AZ81: =ROUND(AR81+AV81,0) -> 37 | BA81: =ROUND(AS81+AW81,0) -> 15 | BB81: 20 | BC81: =ROUND(AT81+AX81,0) -> 61 | BD81: =SUM(AY81:BC81) -> 151 | BE81: =ROUND(BD81/2,0) -> 76 | BO81: A | BP81: A | BR81: =ROUND(I81+Q81+Y81+AG81+AO81+BE81,0) -> 421 | BS81: =BR81/6 -> 70.166667 | BT81: =IF(BS81>=75,"GRADE I with Distinction",IF(BS81>=60,"GRADE I",IF(BS81>=45,"GRADE II",IF(BS81>=35,"PASS","FAIL")))) -> GRADE I
A82: 77 | B82: GOYAL REIA SAURABH | C82: 15 | D82: 34 | E82: 16 | F82: 16 | G82: 54 | H82: =ROUND(SUM(C82:G82),0) -> 135 | I82: =ROUND(H82/2,0) -> 68 | K82: 18 | L82: 39 | M82: 19 | N82: 16 | O82: 58 | P82: =ROUND(SUM(K82:O82),0) -> 150 | Q82: =ROUND(P82/2,0) -> 75 | S82: 25 | T82: 47 | U82: 23 | V82: 19 | W82: 69 | X82: =ROUND(SUM(S82:W82),0) -> 183 | Y82: =ROUND(X82/2,0) -> 92 | AA82: 24 | AB82: 29 | AC82: 22 | AD82: 20 | AE82: 64 | AF82: =ROUND(SUM(AA82:AE82),0) -> 159 | AG82: =ROUND(AF82/2,0) -> 80 | AI82: 19 | AJ82: 46 | AK82: 22 | AL82: 17 | AM82: 77 | AN82: =ROUND(SUM(AI82:AM82),0) -> 181 | AO82: =ROUND(AN82/2,0) -> 91 | AQ82: 13 | AR82: 17 | AS82: 5.5 | AT82: 28 | AU82: 6.5 | AV82: 19 | AW82: 10 | AX82: 36 | AY82: =ROUND(AQ82+AU82,0) -> 20 | AZ82: =ROUND(AR82+AV82,0) -> 36 | BA82: =ROUND(AS82+AW82,0) -> 16 | BB82: 14 | BC82: =ROUND(AT82+AX82,0) -> 64 | BD82: =SUM(AY82:BC82) -> 150 | BE82: =ROUND(BD82/2,0) -> 75 | BO82: A | BP82: A | BR82: =ROUND(I82+Q82+Y82+AG82+AO82+BE82,0) -> 481 | BS82: =BR82/6 -> 80.166667 | BT82: =IF(BS82>=75,"GRADE I with Distinction",IF(BS82>=60,"GRADE I",IF(BS82>=45,"GRADE II",IF(BS82>=35,"PASS","FAIL")))) -> GRADE I with Distinction
A83: 78 | B83: GUND POOJA SANTOSH | C83: 6 | D83: 20 | E83: 17 | F83: 14 | G83: 42 | H83: =ROUND(SUM(C83:G83),0) -> 99 | I83: =ROUND(H83/2,0) -> 50 | K83: 23 | L83: 44 | M83: 20 | N83: 18 | O83: 65 | P83: =ROUND(SUM(K83:O83),0) -> 170 | Q83: =ROUND(P83/2,0) -> 85 | S83: 22 | T83: 46 | U83: 20 | V83: 19 | W83: 69 | X83: =ROUND(SUM(S83:W83),0) -> 176 | Y83: =ROUND(X83/2,0) -> 88 | AA83: 25 | AB83: 29 | AC83: 25 | AD83: 19 | AE83: 53 | AF83: =ROUND(SUM(AA83:AE83),0) -> 151 | AG83: =ROUND(AF83/2,0) -> 76 | AI83: 22 | AJ83: 49 | AK83: 24 | AL83: 20 | AM83: 75 | AN83: =ROUND(SUM(AI83:AM83),0) -> 190 | AO83: =ROUND(AN83/2,0) -> 95 | AQ83: 12 | AR83: 23 | AS83: 12 | AT83: 36 | AU83: 9 | AV83: 20 | AW83: 9 | AX83: 30 | AY83: =ROUND(AQ83+AU83,0) -> 21 | AZ83: =ROUND(AR83+AV83,0) -> 43 | BA83: =ROUND(AS83+AW83,0) -> 21 | BB83: 20 | BC83: =ROUND(AT83+AX83,0) -> 66 | BD83: =SUM(AY83:BC83) -> 171 | BE83: =ROUND(BD83/2,0) -> 86 | BO83: A | BP83: A | BR83: =ROUND(I83+Q83+Y83+AG83+AO83+BE83,0) -> 480 | BS83: =BR83/6 -> 80 | BT83: =IF(BS83>=75,"GRADE I with Distinction",IF(BS83>=60,"GRADE I",IF(BS83>=45,"GRADE II",IF(BS83>=35,"PASS","FAIL")))) -> GRADE I with Distinction
A84: 79 | B84: GUPTA AYUSH BAIDYANATH | C84: 12 | D84: 31 | E84: 18 | F84: 18 | G84: 52 | H84: =ROUND(SUM(C84:G84),0) -> 131 | I84: =ROUND(H84/2,0) -> 66 | K84: 21 | L84: 36 | M84: 19 | N84: 13 | O84: 61 | P84: =ROUND(SUM(K84:O84),0) -> 150 | Q84: =ROUND(P84/2,0) -> 75 | S84: 25 | T84: 48 | U84: 21 | V84: 20 | W84: 73 | X84: =ROUND(SUM(S84:W84),0) -> 187 | Y84: =ROUND(X84/2,0) -> 94 | AA84: 25 | AB84: 48 | AC84: 24 | AD84: 19 | AE84: 59 | AF84: =ROUND(SUM(AA84:AE84),0) -> 175 | AG84: =ROUND(AF84/2,0) -> 88 | AI84: 25 | AJ84: 50 | AK84: 16 | AL84: 20 | AM84: 74 | AN84: =ROUND(SUM(AI84:AM84),0) -> 185 | AO84: =ROUND(AN84/2,0) -> 93 | AQ84: 13 | AR84: 23 | AS84: 5 | AT84: 34 | AU84: 12 | AV84: 25 | AW84: 9 | AX84: 36 | AY84: =ROUND(AQ84+AU84,0) -> 25 | AZ84: =ROUND(AR84+AV84,0) -> 48 | BA84: =ROUND(AS84+AW84,0) -> 14 | BB84: 20 | BC84: =ROUND(AT84+AX84,0) -> 70 | BD84: =SUM(AY84:BC84) -> 177 | BE84: =ROUND(BD84/2,0) -> 89 | BO84: B | BP84: A | BR84: =ROUND(I84+Q84+Y84+AG84+AO84+BE84,0) -> 505 | BS84: =BR84/6 -> 84.166667 | BT84: =IF(BS84>=75,"GRADE I with Distinction",IF(BS84>=60,"GRADE I",IF(BS84>=45,"GRADE II",IF(BS84>=35,"PASS","FAIL")))) -> GRADE I with Distinction
A85: 80 | B85: HIREMATH PRIYANKA SHADAKSHARI | C85: 7 | D85: 15 | E85: 11 | F85: 11 | G85: 35 | H85: =ROUND(SUM(C85:G85),0) -> 79 | I85: =ROUND(H85/2,0) -> 40 | K85: 14 | L85: 25 | M85: 10 | N85: 13 | O85: 30 | P85: =ROUND(SUM(K85:O85),0) -> 92 | Q85: =ROUND(P85/2,0) -> 46 | S85: 6 | T85: 22 | U85: 0 | V85: 13 | W85: 28 | X85: =ROUND(SUM(S85:W85),0) -> 69 | Y85: =ROUND(X85/2,0) -> 35 | AA85: 18 | AB85: 8 | AC85: 11 | AD85: 12 | AE85: 21 | AF85: =ROUND(SUM(AA85:AE85),0) -> 70 | AG85: =ROUND(AF85/2,0) -> 35 | AI85: 4 | AJ85: 4 | AK85: 3 | AL85: 13 | AM85: 35 | AN85: =ROUND(SUM(AI85:AM85),0) -> 59 | AO85: =ROUND(AN85/2,0) -> 30 | AP85: 5 | AQ85: 3 | AR85: 4 | AS85: 1 | AT85: 4 | AU85: 5.5 | AV85: 7 | AW85: 1 | AX85: 14 | AY85: =ROUND(AQ85+AU85,0) -> 9 | AZ85: =ROUND(AR85+AV85,0) -> 11 | BA85: =ROUND(AS85+AW85,0) -> 2 | BB85: 10 | BC85: =ROUND(AT85+AX85,0) -> 18 | BD85: =SUM(AY85:BC85) -> 50 | BE85: =ROUND(BD85/2,0) -> 25 | BF85: 10 | BO85: B | BP85: B | BQ85: =J85+R85+Z85+AH85+AP85+BF85 -> 15 | BR85: =ROUND(I85+Q85+Y85+AG85+AO85+BE85,0) -> 211 | BS85: =BR85/6 -> 35.166667 | BT85: PROMOTED
A86: 81 | B86: ISHITA GAIKWAD | C86: 15 | D86: 32 | E86: 18 | F86: 17 | G86: 54 | H86: =ROUND(SUM(C86:G86),0) -> 136 | I86: =ROUND(H86/2,0) -> 68 | K86: 17 | L86: 25 | M86: 19 | N86: 15 | O86: 40 | P86: =ROUND(SUM(K86:O86),0) -> 116 | Q86: =ROUND(P86/2,0) -> 58 | S86: 24 | T86: 44 | U86: 18 | V86: 19 | W86: 65 | X86: =ROUND(SUM(S86:W86),0) -> 170 | Y86: =ROUND(X86/2,0) -> 85 | AA86: 23 | AB86: 33 | AC86: 14 | AD86: 13 | AE86: 37 | AF86: =ROUND(SUM(AA86:AE86),0) -> 120 | AG86: =ROUND(AF86/2,0) -> 60 | AI86: 21 | AJ86: 44 | AK86: 13 | AL86: 18 | AM86: 64 | AN86: =ROUND(SUM(AI86:AM86),0) -> 160 | AO86: =ROUND(AN86/2,0) -> 80 | AQ86: 11 | AR86: 23 | AS86: 5 | AT86: 24 | AU86: 9 | AV86: 22.5 | AW86: 5.5 | AX86: 22 | AY86: =ROUND(AQ86+AU86,0) -> 20 | AZ86: =ROUND(AR86+AV86,0) -> 46 | BA86: =ROUND(AS86+AW86,0) -> 11 | BB86: 12 | BC86: =ROUND(AT86+AX86,0) -> 46 | BD86: =SUM(AY86:BC86) -> 135 | BE86: =ROUND(BD86/2,0) -> 68 | BO86: A | BP86: A | BR86: =ROUND(I86+Q86+Y86+AG86+AO86+BE86,0) -> 419 | BS86: =BR86/6 -> 69.833333 | BT86: =IF(BS86>=75,"GRADE I with Distinction",IF(BS86>=60,"GRADE I",IF(BS86>=45,"GRADE II",IF(BS86>=35,"PASS","FAIL")))) -> GRADE I
A87: 82 | B87: JAIN RASHI BHARAT | C87: 8 | D87: 24 | E87: 14 | F87: 15 | G87: 39 | H87: =ROUND(SUM(C87:G87),0) -> 100 | I87: =ROUND(H87/2,0) -> 50 | K87: 16 | L87: 27 | M87: 15 | N87: 15 | O87: 42 | P87: =ROUND(SUM(K87:O87),0) -> 115 | Q87: =ROUND(P87/2,0) -> 58 | S87: 21 | T87: 38 | U87: 15 | V87: 19 | W87: 50 | X87: =ROUND(SUM(S87:W87),0) -> 143 | Y87: =ROUND(X87/2,0) -> 72 | AA87: 22 | AB87: 33 | AC87: 19 | AD87: 17 | AE87: 56 | AF87: =ROUND(SUM(AA87:AE87),0) -> 147 | AG87: =ROUND(AF87/2,0) -> 74 | AI87: 18 | AJ87: 37 | AK87: 15 | AL87: 17 | AM87: 52 | AN87: =ROUND(SUM(AI87:AM87),0) -> 139 | AO87: =ROUND(AN87/2,0) -> 70 | AQ87: 10 | AR87: 22.5 | AS87: 8 | AT87: 28 | AU87: 10 | AV87: 17.5 | AW87: 10.5 | AX87: 28 | AY87: =ROUND(AQ87+AU87,0) -> 20 | AZ87: =ROUND(AR87+AV87,0) -> 40 | BA87: =ROUND(AS87+AW87,0) -> 19 | BB87: 15 | BC87: =ROUND(AT87+AX87,0) -> 56 | BD87: =SUM(AY87:BC87) -> 150 | BE87: =ROUND(BD87/2,0) -> 75 | BO87: A | BP87: B | BR87: =ROUND(I87+Q87+Y87+AG87+AO87+BE87,0) -> 399 | BS87: =BR87/6 -> 66.5 | BT87: =IF(BS87>=75,"GRADE I with Distinction",IF(BS87>=60,"GRADE I",IF(BS87>=45,"GRADE II",IF(BS87>=35,"PASS","FAIL")))) -> GRADE I
A88: 83 | B88: JANA SANKET SANJAY | C88: 10 | D88: 27 | E88: 16 | F88: 16 | G88: 42 | H88: =ROUND(SUM(C88:G88),0) -> 111 | I88: =ROUND(H88/2,0) -> 56 | K88: 14 | L88: 31 | M88: 17 | N88: 16 | O88: 51 | P88: =ROUND(SUM(K88:O88),0) -> 129 | Q88: =ROUND(P88/2,0) -> 65 | S88: 16 | T88: 46 | U88: 18 | V88: 19 | W88: 67 | X88: =ROUND(SUM(S88:W88),0) -> 166 | Y88: =ROUND(X88/2,0) -> 83 | AA88: 24 | AB88: 31 | AC88: 19 | AD88: 19 | AE88: 46 | AF88: =ROUND(SUM(AA88:AE88),0) -> 139 | AG88: =ROUND(AF88/2,0) -> 70 | AI88: 17 | AJ88: 40 | AK88: 16 | AL88: 20 | AM88: 58 | AN88: =ROUND(SUM(AI88:AM88),0) -> 151 | AO88: =ROUND(AN88/2,0) -> 76 | AQ88: 9.5 | AR88: 16.5 | AS88: 7.5 | AT88: 18 | AU88: 10.5 | AV88: 10 | AW88: 3 | AX88: 18 | AY88: =ROUND(AQ88+AU88,0) -> 20 | AZ88: =ROUND(AR88+AV88,0) -> 27 | BA88: =ROUND(AS88+AW88,0) -> 11 | BB88: 14 | BC88: =ROUND(AT88+AX88,0) -> 36 | BD88: =SUM(AY88:BC88) -> 108 | BE88: =ROUND(BD88/2,0) -> 54 | BO88: A | BP88: A | BR88: =ROUND(I88+Q88+Y88+AG88+AO88+BE88,0) -> 404 | BS88: =BR88/6 -> 67.333333 | BT88: =IF(BS88>=75,"GRADE I with Distinction",IF(BS88>=60,"GRADE I",IF(BS88>=45,"GRADE II",IF(BS88>=35,"PASS","FAIL")))) -> GRADE I
A89: 84 | B89: JETHWA PRIYAM SAMEER | C89: 15 | D89: 30 | E89: 16 | F89: 17 | G89: 54 | H89: =ROUND(SUM(C89:G89),0) -> 132 | I89: =ROUND(H89/2,0) -> 66 | K89: 22 | L89: 41 | M89: 21 | N89: 16 | O89: 70 | P89: =ROUND(SUM(K89:O89),0) -> 170 | Q89: =ROUND(P89/2,0) -> 85 | S89: 25 | T89: 49 | U89: 23 | V89: 20 | W89: 70 | X89: =ROUND(SUM(S89:W89),0) -> 187 | Y89: =ROUND(X89/2,0) -> 94 | AA89: 25 | AB89: 39 | AC89: 25 | AD89: 18 | AE89: 72 | AF89: =ROUND(SUM(AA89:AE89),0) -> 179 | AG89: =ROUND(AF89/2,0) -> 90 | AI89: 24 | AJ89: 49 | AK89: 24 | AL89: 20 | AM89: 73 | AN89: =ROUND(SUM(AI89:AM89),0) -> 190 | AO89: =ROUND(AN89/2,0) -> 95 | AQ89: 12 | AR89: 23 | AS89: 6 | AT89: 35 | AU89: 12 | AV89: 22 | AW89: 8 | AX89: 31 | AY89: =ROUND(AQ89+AU89,0) -> 24 | AZ89: =ROUND(AR89+AV89,0) -> 45 | BA89: =ROUND(AS89+AW89,0) -> 14 | BB89: 19 | BC89: =ROUND(AT89+AX89,0) -> 66 | BD89: =SUM(AY89:BC89) -> 168 | BE89: =ROUND(BD89/2,0) -> 84 | BO89: A | BP89: A | BR89: =ROUND(I89+Q89+Y89+AG89+AO89+BE89,0) -> 514 | BS89: =BR89/6 -> 85.666667 | BT89: =IF(BS89>=75,"GRADE I with Distinction",IF(BS89>=60,"GRADE I",IF(BS89>=45,"GRADE II",IF(BS89>=35,"PASS","FAIL")))) -> GRADE I with Distinction
A90: 85 | B90: KAROTRA ROMIN BHARAT | C90: 8 | D90: 25 | E90: 15 | F90: 13 | G90: 48 | H90: =ROUND(SUM(C90:G90),0) -> 109 | I90: =ROUND(H90/2,0) -> 55 | K90: 16 | L90: 32 | M90: 17 | N90: 14 | O90: 46 | P90: =ROUND(SUM(K90:O90),0) -> 125 | Q90: =ROUND(P90/2,0) -> 63 | S90: 22 | T90: 31 | U90: 19 | V90: 20 | W90: 64 | X90: =ROUND(SUM(S90:W90),0) -> 156 | Y90: =ROUND(X90/2,0) -> 78 | AA90: 25 | AB90: 40 | AC90: 24 | AD90: 16 | AE90: 58 | AF90: =ROUND(SUM(AA90:AE90),0) -> 163 | AG90: =ROUND(AF90/2,0) -> 82 | AI90: 13 | AJ90: 33 | AK90: 10 | AL90: 17 | AM90: 57 | AN90: =ROUND(SUM(AI90:AM90),0) -> 130 | AO90: =ROUND(AN90/2,0) -> 65 | AQ90: 12 | AR90: 20 | AS90: 7 | AT90: 26 | AU90: 9.5 | AV90: 22 | AW90: 11.5 | AX90: 38 | AY90: =ROUND(AQ90+AU90,0) -> 22 | AZ90: =ROUND(AR90+AV90,0) -> 42 | BA90: =ROUND(AS90+AW90,0) -> 19 | BB90: 16 | BC90: =ROUND(AT90+AX90,0) -> 64 | BD90: =SUM(AY90:BC90) -> 163 | BE90: =ROUND(BD90/2,0) -> 82 | BO90: A | BP90: B | BR90: =ROUND(I90+Q90+Y90+AG90+AO90+BE90,0) -> 425 | BS90: =BR90/6 -> 70.833333 | BT90: =IF(BS90>=75,"GRADE I with Distinction",IF(BS90>=60,"GRADE I",IF(BS90>=45,"GRADE II",IF(BS90>=35,"PASS","FAIL")))) -> GRADE I
A91: 86 | B91: KASAR ABHANG PRASHANT | C91: 7 | D91: 19 | E91: 11 | F91: 17 | G91: 40 | H91: =ROUND(SUM(C91:G91),0) -> 94 | I91: =ROUND(H91/2,0) -> 47 | K91: 18 | L91: 33 | M91: 16 | N91: 16 | O91: 48 | P91: =ROUND(SUM(K91:O91),0) -> 131 | Q91: =ROUND(P91/2,0) -> 66 | S91: 22 | T91: 33 | U91: 10 | V91: 19 | W91: 60 | X91: =ROUND(SUM(S91:W91),0) -> 144 | Y91: =ROUND(X91/2,0) -> 72 | AA91: 13 | AB91: 29 | AC91: 15 | AD91: 18 | AE91: 43 | AF91: =ROUND(SUM(AA91:AE91),0) -> 118 | AG91: =ROUND(AF91/2,0) -> 59 | AI91: 18 | AJ91: 28 | AK91: 11 | AL91: 18 | AM91: 42 | AN91: =ROUND(SUM(AI91:AM91),0) -> 117 | AO91: =ROUND(AN91/2,0) -> 59 | AQ91: 11.5 | AR91: 20 | AS91: 6.5 | AT91: 30 | AU91: 4.5 | AV91: 20.5 | AW91: 5 | AX91: 31 | AY91: =ROUND(AQ91+AU91,0) -> 16 | AZ91: =ROUND(AR91+AV91,0) -> 41 | BA91: =ROUND(AS91+AW91,0) -> 12 | BB91: 15 | BC91: =ROUND(AT91+AX91,0) -> 61 | BD91: =SUM(AY91:BC91) -> 145 | BE91: =ROUND(BD91/2,0) -> 73 | BO91: B | BP91: A | BR91: =ROUND(I91+Q91+Y91+AG91+AO91+BE91,0) -> 376 | BS91: =BR91/6 -> 62.666667 | BT91: =IF(BS91>=75,"GRADE I with Distinction",IF(BS91>=60,"GRADE I",IF(BS91>=45,"GRADE II",IF(BS91>=35,"PASS","FAIL")))) -> GRADE I
A92: 87 | B92: KAWLE ARYA AJIT | C92: 13 | D92: 26 | E92: 16 | F92: 16 | G92: 52 | H92: =ROUND(SUM(C92:G92),0) -> 123 | I92: =ROUND(H92/2,0) -> 62 | K92: 18 | L92: 33 | M92: 14 | N92: 16 | O92: 54 | P92: =ROUND(SUM(K92:O92),0) -> 135 | Q92: =ROUND(P92/2,0) -> 68 | S92: 22 | T92: 49 | U92: 20 | V92: 17 | W92: 52 | X92: =ROUND(SUM(S92:W92),0) -> 160 | Y92: =ROUND(X92/2,0) -> 80 | AA92: 18 | AB92: 17 | AC92: 12 | AD92: 9 | AE92: 34 | AF92: =ROUND(SUM(AA92:AE92),0) -> 90 | AG92: =ROUND(AF92/2,0) -> 45 | AI92: 18 | AJ92: 32 | AK92: 15 | AL92: 19 | AM92: 54 | AN92: =ROUND(SUM(AI92:AM92),0) -> 138 | AO92: =ROUND(AN92/2,0) -> 69 | AQ92: 8 | AR92: 18 | AS92: 3 | AT92: 18 | AU92: 8 | AV92: 17 | AW92: 5 | AX92: 8 | AY92: =ROUND(AQ92+AU92,0) -> 16 | AZ92: =ROUND(AR92+AV92,0) -> 35 | BA92: =ROUND(AS92+AW92,0) -> 8 | BB92: 15 | BC92: =ROUND(AT92+AX92,0) -> 26 | BD92: =SUM(AY92:BC92) -> 100 | BE92: =ROUND(BD92/2,0) -> 50 | BO92: A | BP92: A | BR92: =ROUND(I92+Q92+Y92+AG92+AO92+BE92,0) -> 374 | BS92: =BR92/6 -> 62.333333 | BT92: =IF(BS92>=75,"GRADE I with Distinction",IF(BS92>=60,"GRADE I",IF(BS92>=45,"GRADE II",IF(BS92>=35,"PASS","FAIL")))) -> GRADE I
A93: 88 | B93: KHARAT TANISHK UDDHAV | C93: 13 | D93: 25 | E93: 16 | F93: 17 | G93: 47 | H93: =ROUND(SUM(C93:G93),0) -> 118 | I93: =ROUND(H93/2,0) -> 59 | K93: 20 | L93: 37 | M93: 18 | N93: 16 | O93: 56 | P93: =ROUND(SUM(K93:O93),0) -> 147 | Q93: =ROUND(P93/2,0) -> 74 | S93: 25 | T93: 39 | U93: 23 | V93: 19 | W93: 66 | X93: =ROUND(SUM(S93:W93),0) -> 172 | Y93: =ROUND(X93/2,0) -> 86 | AA93: 24 | AB93: 36 | AC93: 19 | AD93: 18 | AE93: 52 | AF93: =ROUND(SUM(AA93:AE93),0) -> 149 | AG93: =ROUND(AF93/2,0) -> 75 | AI93: 19 | AJ93: 45 | AK93: 16 | AL93: 18 | AM93: 66 | AN93: =ROUND(SUM(AI93:AM93),0) -> 164 | AO93: =ROUND(AN93/2,0) -> 82 | AQ93: 13 | AR93: 13.5 | AS93: 5.5 | AT93: 20 | AU93: 10 | AV93: 15.5 | AW93: 9 | AX93: 27 | AY93: =ROUND(AQ93+AU93,0) -> 23 | AZ93: =ROUND(AR93+AV93,0) -> 29 | BA93: =ROUND(AS93+AW93,0) -> 15 | BB93: 16 | BC93: =ROUND(AT93+AX93,0) -> 47 | BD93: =SUM(AY93:BC93) -> 130 | BE93: =ROUND(BD93/2,0) -> 65 | BO93: A | BP93: A | BR93: =ROUND(I93+Q93+Y93+AG93+AO93+BE93,0) -> 441 | BS93: =BR93/6 -> 73.5 | BT93: =IF(BS93>=75,"GRADE I with Distinction",IF(BS93>=60,"GRADE I",IF(BS93>=45,"GRADE II",IF(BS93>=35,"PASS","FAIL")))) -> GRADE I
A94: 89 | B94: KONAR SELVI ARUMUGAM | C94: 8 | D94: 7 | E94: 9 | F94: 13 | G94: 28 | H94: =ROUND(SUM(C94:G94),0) -> 65 | I94: =ROUND(H94/2,0) -> 33 | J94: 2 | K94: 10 | L94: 20 | M94: 11 | N94: 12 | O94: 24 | P94: =ROUND(SUM(K94:O94),0) -> 77 | Q94: =ROUND(P94/2,0) -> 39 | S94: 13 | T94: 28 | U94: 11 | V94: 16 | W94: 41 | X94: =ROUND(SUM(S94:W94),0) -> 109 | Y94: =ROUND(X94/2,0) -> 55 | AA94: 18 | AB94: 15 | AC94: 10 | AD94: 16 | AE94: 33 | AF94: =ROUND(SUM(AA94:AE94),0) -> 92 | AG94: =ROUND(AF94/2,0) -> 46 | AI94: 13 | AJ94: 15 | AK94: 11 | AL94: 13 | AM94: 32 | AN94: =ROUND(SUM(AI94:AM94),0) -> 84 | AO94: =ROUND(AN94/2,0) -> 42 | AQ94: 8 | AR94: 10 | AS94: 3 | AT94: 13 | AU94: 6 | AV94: 8.5 | AW94: 5 | AX94: 16 | AY94: =ROUND(AQ94+AU94,0) -> 14 | AZ94: =ROUND(AR94+AV94,0) -> 19 | BA94: =ROUND(AS94+AW94,0) -> 8 | BB94: 13 | BC94: =ROUND(AT94+AX94,0) -> 29 | BD94: =SUM(AY94:BC94) -> 83 | BE94: =ROUND(BD94/2,0) -> 42 | BO94: A | BP94: B | BQ94: =J94+R94+Z94+AH94+AP94+BF94 -> 2 | BR94: =ROUND(I94+Q94+Y94+AG94+AO94+BE94,0) -> 257 | BS94: =BR94/6 -> 42.833333 | BT94: PROMOTED
A95: 90 | B95: KURAKUL NIRMAY PRASHANT | C95: 10 | D95: 14 | E95: 8 | F95: 16 | G95: 36 | H95: =ROUND(SUM(C95:G95),0) -> 84 | I95: =ROUND(H95/2,0) -> 42 | K95: 12 | L95: 31 | M95: 11 | N95: 16 | O95: 29 | P95: =ROUND(SUM(K95:O95),0) -> 99 | Q95: =ROUND(P95/2,0) -> 50 | S95: 8 | T95: 22 | U95: 9 | V95: 13 | W95: 20 | X95: =ROUND(SUM(S95:W95),0) -> 72 | Y95: =ROUND(X95/2,0) -> 36 | AA95: 5 | AB95: 5 | AC95: 4 | AD95: 19 | AE95: 24 | AF95: =ROUND(SUM(AA95:AE95),0) -> 57 | AG95: =ROUND(AF95/2,0) -> 29 | AH95: 6 | AI95: 2 | AJ95: 10 | AK95: 4 | AL95: 12 | AM95: 37 | AN95: =ROUND(SUM(AI95:AM95),0) -> 65 | AO95: =ROUND(AN95/2,0) -> 33 | AP95: 2 | AQ95: 4 | AR95: 1 | AS95: 2 | AT95: 8 | AU95: 0 | AV95: 4.5 | AW95: 4.5 | AX95: 15 | AY95: =ROUND(AQ95+AU95,0) -> 4 | AZ95: =ROUND(AR95+AV95,0) -> 6 | BA95: =ROUND(AS95+AW95,0) -> 7 | BB95: 15 | BC95: =ROUND(AT95+AX95,0) -> 23 | BD95: =SUM(AY95:BC95) -> 55 | BE95: =ROUND(BD95/2,0) -> 28 | BF95: 7 | BO95: B | BP95: A | BQ95: 15 | BR95: =ROUND(I95+Q95+Y95+AG95+AO95+BE95,0) -> 218 | BS95: =BR95/6 -> 36.333333 | BT95: PROMOTED
A96: 91 | B96: LABBAI ZAINAB SHAMSUDDIN | C96: 9 | D96: 20 | E96: 16 | F96: 12 | G96: 37 | H96: =ROUND(SUM(C96:G96),0) -> 94 | I96: =ROUND(H96/2,0) -> 47 | K96: 13 | L96: 21 | M96: 15 | N96: 15 | O96: 34 | P96: =ROUND(SUM(K96:O96),0) -> 98 | Q96: =ROUND(P96/2,0) -> 49 | S96: 22 | T96: 15 | U96: 16 | V96: 14 | W96: 24 | X96: =ROUND(SUM(S96:W96),0) -> 91 | Y96: =ROUND(X96/2,0) -> 46 | AA96: 10 | AB96: 16 | AC96: 7 | AD96: 14 | AE96: 23 | AF96: =ROUND(SUM(AA96:AE96),0) -> 70 | AG96: =ROUND(AF96/2,0) -> 35 | AI96: 10 | AJ96: 14 | AK96: 4 | AL96: 11 | AM96: 21 | AN96: =ROUND(SUM(AI96:AM96),0) -> 60 | AO96: =ROUND(AN96/2,0) -> 30 | AP96: 5 | AQ96: 10 | AR96: 1 | AS96: 1 | AT96: 8 | AU96: 0 | AV96: 5 | AW96: 3 | AX96: 8 | AY96: =ROUND(AQ96+AU96,0) -> 10 | AZ96: =ROUND(AR96+AV96,0) -> 6 | BA96: =ROUND(AS96+AW96,0) -> 4 | BB96: 14 | BC96: =ROUND(AT96+AX96,0) -> 16 | BD96: =SUM(AY96:BC96) -> 50 | BE96: =ROUND(BD96/2,0) -> 25 | BF96: 10 | BO96: B | BP96: B | BQ96: 15 | BR96: =ROUND(I96+Q96+Y96+AG96+AO96+BE96,0) -> 232 | BS96: =BR96/6 -> 38.666667 | BT96: PROMOTED
A97: 92 | B97: MADHAVI MUDRA SACHIN | C97: 11 | D97: 27 | E97: 16 | F97: 17 | G97: 41 | H97: =ROUND(SUM(C97:G97),0) -> 112 | I97: =ROUND(H97/2,0) -> 56 | K97: 13 | L97: 31 | M97: 16 | N97: 15 | O97: 42 | P97: =ROUND(SUM(K97:O97),0) -> 117 | Q97: =ROUND(P97/2,0) -> 59 | S97: 22 | T97: 42 | U97: 19 | V97: 19 | W97: 62 | X97: =ROUND(SUM(S97:W97),0) -> 164 | Y97: =ROUND(X97/2,0) -> 82 | AA97: 24 | AB97: 31 | AC97: 12 | AD97: 15 | AE97: 60 | AF97: =ROUND(SUM(AA97:AE97),0) -> 142 | AG97: =ROUND(AF97/2,0) -> 71 | AI97: 23 | AJ97: 45 | AK97: 15 | AL97: 19 | AM97: 65 | AN97: =ROUND(SUM(AI97:AM97),0) -> 167 | AO97: =ROUND(AN97/2,0) -> 84 | AQ97: 9 | AR97: 19.5 | AS97: 2 | AT97: 22 | AU97: 6.5 | AV97: 14.5 | AW97: 6 | AX97: 26 | AY97: =ROUND(AQ97+AU97,0) -> 16 | AZ97: =ROUND(AR97+AV97,0) -> 34 | BA97: =ROUND(AS97+AW97,0) -> 8 | BB97: 16 | BC97: =ROUND(AT97+AX97,0) -> 48 | BD97: =SUM(AY97:BC97) -> 122 | BE97: =ROUND(BD97/2,0) -> 61 | BO97: A | BP97: A | BR97: =ROUND(I97+Q97+Y97+AG97+AO97+BE97,0) -> 413 | BS97: =BR97/6 -> 68.833333 | BT97: =IF(BS97>=75,"GRADE I with Distinction",IF(BS97>=60,"GRADE I",IF(BS97>=45,"GRADE II",IF(BS97>=35,"PASS","FAIL")))) -> GRADE I
A98: 93 | B98: MANNA DEEPIKA NAKUL | C98: 11 | D98: 26 | E98: 16 | F98: 14 | G98: 50 | H98: =ROUND(SUM(C98:G98),0) -> 117 | I98: =ROUND(H98/2,0) -> 59 | K98: 16 | L98: 35 | M98: 13 | N98: 15 | O98: 48 | P98: =ROUND(SUM(K98:O98),0) -> 127 | Q98: =ROUND(P98/2,0) -> 64 | S98: 25 | T98: 49 | U98: 16 | V98: 18 | W98: 66 | X98: =ROUND(SUM(S98:W98),0) -> 174 | Y98: =ROUND(X98/2,0) -> 87 | AA98: 22 | AB98: 25 | AC98: 18 | AD98: 17 | AE98: 58 | AF98: =ROUND(SUM(AA98:AE98),0) -> 140 | AG98: =ROUND(AF98/2,0) -> 70 | AI98: 25 | AJ98: 45 | AK98: 16 | AL98: 18 | AM98: 71 | AN98: =ROUND(SUM(AI98:AM98),0) -> 175 | AO98: =ROUND(AN98/2,0) -> 88 | AQ98: 10 | AR98: 8.5 | AS98: 4.5 | AT98: 24 | AU98: 5 | AV98: 15 | AW98: 4.5 | AX98: 25 | AY98: =ROUND(AQ98+AU98,0) -> 15 | AZ98: =ROUND(AR98+AV98,0) -> 24 | BA98: =ROUND(AS98+AW98,0) -> 9 | BB98: 15 | BC98: =ROUND(AT98+AX98,0) -> 49 | BD98: =SUM(AY98:BC98) -> 112 | BE98: =ROUND(BD98/2,0) -> 56 | BO98: A | BP98: A | BR98: =ROUND(I98+Q98+Y98+AG98+AO98+BE98,0) -> 424 | BS98: =BR98/6 -> 70.666667 | BT98: =IF(BS98>=75,"GRADE I with Distinction",IF(BS98>=60,"GRADE I",IF(BS98>=45,"GRADE II",IF(BS98>=35,"PASS","FAIL")))) -> GRADE I
A99: 94 | B99: MHATRE SARA SACHIN | C99: 11 | D99: 22 | E99: 15 | F99: 16 | G99: 51 | H99: =ROUND(SUM(C99:G99),0) -> 115 | I99: =ROUND(H99/2,0) -> 58 | K99: 15 | L99: 32 | M99: 12 | N99: 15 | O99: 52 | P99: =ROUND(SUM(K99:O99),0) -> 126 | Q99: =ROUND(P99/2,0) -> 63 | S99: 22 | T99: 44 | U99: 12 | V99: 16 | W99: 63 | X99: =ROUND(SUM(S99:W99),0) -> 157 | Y99: =ROUND(X99/2,0) -> 79 | AA99: 21 | AB99: 28 | AC99: 23 | AD99: 20 | AE99: 50 | AF99: =ROUND(SUM(AA99:AE99),0) -> 142 | AG99: =ROUND(AF99/2,0) -> 71 | AI99: 16 | AJ99: 34 | AK99: 10 | AL99: 17 | AM99: 46 | AN99: =ROUND(SUM(AI99:AM99),0) -> 123 | AO99: =ROUND(AN99/2,0) -> 62 | AQ99: 10.5 | AR99: 19 | AS99: 5 | AT99: 20 | AU99: 12 | AV99: 23 | AW99: 6.5 | AX99: 21 | AY99: =ROUND(AQ99+AU99,0) -> 23 | AZ99: =ROUND(AR99+AV99,0) -> 42 | BA99: =ROUND(AS99+AW99,0) -> 12 | BB99: 16 | BC99: =ROUND(AT99+AX99,0) -> 41 | BD99: =SUM(AY99:BC99) -> 134 | BE99: =ROUND(BD99/2,0) -> 67 | BO99: A | BP99: A | BR99: =ROUND(I99+Q99+Y99+AG99+AO99+BE99,0) -> 400 | BS99: =BR99/6 -> 66.666667 | BT99: =IF(BS99>=75,"GRADE I with Distinction",IF(BS99>=60,"GRADE I",IF(BS99>=45,"GRADE II",IF(BS99>=35,"PASS","FAIL")))) -> GRADE I
A100: 95 | B100: NAIR ADHIRA VINOD | C100: 10 | D100: 23 | E100: 15 | F100: 14 | G100: 52 | H100: =ROUND(SUM(C100:G100),0) -> 114 | I100: =ROUND(H100/2,0) -> 57 | K100: 12 | L100: 28 | M100: 15 | N100: 16 | O100: 42 | P100: =ROUND(SUM(K100:O100),0) -> 113 | Q100: =ROUND(P100/2,0) -> 57 | S100: 17 | T100: 31 | U100: 16 | V100: 14 | W100: 49 | X100: =ROUND(SUM(S100:W100),0) -> 127 | Y100: =ROUND(X100/2,0) -> 64 | AA100: 12 | AB100: 17 | AC100: 15 | AD100: 12 | AE100: 27 | AF100: =ROUND(SUM(AA100:AE100),0) -> 83 | AG100: =ROUND(AF100/2,0) -> 42 | AI100: 15 | AJ100: 17 | AK100: 10 | AL100: 13 | AM100: 44 | AN100: =ROUND(SUM(AI100:AM100),0) -> 99 | AO100: =ROUND(AN100/2,0) -> 50 | AQ100: 8 | AR100: 4 | AS100: 1 | AT100: 6 | AU100: 1 | AV100: 7 | AW100: 2.5 | AX100: 12 | AY100: =ROUND(AQ100+AU100,0) -> 9 | AZ100: =ROUND(AR100+AV100,0) -> 11 | BA100: =ROUND(AS100+AW100,0) -> 4 | BB100: 11 | BC100: =ROUND(AT100+AX100,0) -> 18 | BD100: =SUM(AY100:BC100) -> 53 | BE100: =ROUND(BD100/2,0) -> 27 | BF100: 8 | BO100: A | BP100: A | BQ100: =J100+R100+Z100+AH100+AP100+BF100 -> 8 | BR100: =ROUND(I100+Q100+Y100+AG100+AO100+BE100,0) -> 297 | BS100: =BR100/6 -> 49.5 | BT100: PROMOTED
A101: 96 | B101: NEEL NAVIN SHEWALE | C101: 7 | D101: 22 | E101: 12 | F101: 16 | G101: 49 | H101: =ROUND(SUM(C101:G101),0) -> 106 | I101: =ROUND(H101/2,0) -> 53 | K101: 4 | L101: 25 | M101: 9 | N101: 17 | O101: 34 | P101: =ROUND(SUM(K101:O101),0) -> 89 | Q101: =ROUND(P101/2,0) -> 45 | S101: 20 | T101: 37 | U101: 17 | V101: 17 | W101: 67 | X101: =ROUND(SUM(S101:W101),0) -> 158 | Y101: =ROUND(X101/2,0) -> 79 | AA101: 16 | AB101: 20 | AC101: 11 | AD101: 13 | AE101: 32 | AF101: =ROUND(SUM(AA101:AE101),0) -> 92 | AG101: =ROUND(AF101/2,0) -> 46 | AI101: 17 | AJ101: 33 | AK101: 16 | AL101: 19 | AM101: 62 | AN101: =ROUND(SUM(AI101:AM101),0) -> 147 | AO101: =ROUND(AN101/2,0) -> 74 | AQ101: 8 | AR101: 10 | AS101: 2.5 | AT101: 18 | AU101: 8 | AV101: 7.5 | AW101: 6 | AX101: 23 | AY101: =ROUND(AQ101+AU101,0) -> 16 | AZ101: =ROUND(AR101+AV101,0) -> 18 | BA101: =ROUND(AS101+AW101,0) -> 9 | BB101: 16 | BC101: =ROUND(AT101+AX101,0) -> 41 | BD101: =SUM(AY101:BC101) -> 100 | BE101: =ROUND(BD101/2,0) -> 50 | BO101: B | BP101: A | BR101: =ROUND(I101+Q101+Y101+AG101+AO101+BE101,0) -> 347 | BS101: =BR101/6 -> 57.833333 | BT101: =IF(BS101>=75,"GRADE I with Distinction",IF(BS101>=60,"GRADE I",IF(BS101>=45,"GRADE II",IF(BS101>=35,"PASS","FAIL")))) -> GRADE II
A102: 97 | B102: NIHAAL SANJAY NANDI | C102: 12 | D102: 29 | E102: 15 | F102: 14 | G102: 53 | H102: =ROUND(SUM(C102:G102),0) -> 123 | I102: =ROUND(H102/2,0) -> 62 | K102: 16 | L102: 25 | M102: 12 | N102: 17 | O102: 33 | P102: =ROUND(SUM(K102:O102),0) -> 103 | Q102: =ROUND(P102/2,0) -> 52 | S102: 22 | T102: 40 | U102: 16 | V102: 17 | W102: 55 | X102: =ROUND(SUM(S102:W102),0) -> 150 | Y102: =ROUND(X102/2,0) -> 75 | AA102: 21 | AB102: 23 | AC102: 14 | AD102: 7 | AE102: 33 | AF102: =ROUND(SUM(AA102:AE102),0) -> 98 | AG102: =ROUND(AF102/2,0) -> 49 | AI102: 9 | AJ102: 34 | AK102: 8 | AL102: 18 | AM102: 43 | AN102: =ROUND(SUM(AI102:AM102),0) -> 112 | AO102: =ROUND(AN102/2,0) -> 56 | AQ102: 12 | AR102: 17 | AS102: 5 | AT102: 10 | AU102: 3 | AV102: 8.5 | AW102: 3.5 | AX102: 17 | AY102: =ROUND(AQ102+AU102,0) -> 15 | AZ102: =ROUND(AR102+AV102,0) -> 26 | BA102: =ROUND(AS102+AW102,0) -> 9 | BB102: 8 | BC102: =ROUND(AT102+AX102,0) -> 27 | BD102: =SUM(AY102:BC102) -> 85 | BE102: =ROUND(BD102/2,0) -> 43 | BO102: A | BP102: A | BR102: =ROUND(I102+Q102+Y102+AG102+AO102+BE102,0) -> 337 | BS102: =BR102/6 -> 56.166667 | BT102: =IF(BS102>=75,"GRADE I with Distinction",IF(BS102>=60,"GRADE I",IF(BS102>=45,"GRADE II",IF(BS102>=35,"PASS","FAIL")))) -> GRADE II
A103: 98 | B103: PARKAR REHAN MUSHTAQ | C103: 14 | D103: 25 | E103: 16 | F103: 16 | G103: 56 | H103: =ROUND(SUM(C103:G103),0) -> 127 | I103: =ROUND(H103/2,0) -> 64 | K103: 18 | L103: 31 | M103: 13 | N103: 13 | O103: 46 | P103: =ROUND(SUM(K103:O103),0) -> 121 | Q103: =ROUND(P103/2,0) -> 61 | S103: 23 | T103: 46 | U103: 18 | V103: 15 | W103: 61 | X103: =ROUND(SUM(S103:W103),0) -> 163 | Y103: =ROUND(X103/2,0) -> 82 | AA103: 23 | AB103: 29 | AC103: 18 | AD103: 16 | AE103: 38 | AF103: =ROUND(SUM(AA103:AE103),0) -> 124 | AG103: =ROUND(AF103/2,0) -> 62 | AI103: 18 | AJ103: 45 | AK103: 13 | AL103: 20 | AM103: 56 | AN103: =ROUND(SUM(AI103:AM103),0) -> 152 | AO103: =ROUND(AN103/2,0) -> 76 | AQ103: 11 | AR103: 19 | AS103: 8 | AT103: 25 | AU103: 7 | AV103: 19.5 | AW103: 4 | AX103: 26 | AY103: =ROUND(AQ103+AU103,0) -> 18 | AZ103: =ROUND(AR103+AV103,0) -> 39 | BA103: =ROUND(AS103+AW103,0) -> 12 | BB103: 18 | BC103: =ROUND(AT103+AX103,0) -> 51 | BD103: =SUM(AY103:BC103) -> 138 | BE103: =ROUND(BD103/2,0) -> 69 | BO103: A | BP103: A | BR103: =ROUND(I103+Q103+Y103+AG103+AO103+BE103,0) -> 414 | BS103: =BR103/6 -> 69 | BT103: =IF(BS103>=75,"GRADE I with Distinction",IF(BS103>=60,"GRADE I",IF(BS103>=45,"GRADE II",IF(BS103>=35,"PASS","FAIL")))) -> GRADE I
A104: 99 | B104: PATIL MAHI SANTOSH | C104: 10 | D104: 26 | E104: 15 | F104: 12 | G104: 53 | H104: =ROUND(SUM(C104:G104),0) -> 116 | I104: =ROUND(H104/2,0) -> 58 | K104: 20 | L104: 32 | M104: 16 | N104: 17 | O104: 54 | P104: =ROUND(SUM(K104:O104),0) -> 139 | Q104: =ROUND(P104/2,0) -> 70 | S104: 24 | T104: 45 | U104: 18 | V104: 17 | W104: 69 | X104: =ROUND(SUM(S104:W104),0) -> 173 | Y104: =ROUND(X104/2,0) -> 87 | AA104: 21 | AB104: 30 | AC104: 14 | AD104: 11 | AE104: 41 | AF104: =ROUND(SUM(AA104:AE104),0) -> 117 | AG104: =ROUND(AF104/2,0) -> 59 | AI104: 24 | AJ104: 36 | AK104: 16 | AL104: 17 | AM104: 55 | AN104: =ROUND(SUM(AI104:AM104),0) -> 148 | AO104: =ROUND(AN104/2,0) -> 74 | AQ104: 10.5 | AR104: 9.5 | AS104: 4 | AT104: 25 | AU104: 8.5 | AV104: 13 | AW104: 5 | AX104: 27 | AY104: =ROUND(AQ104+AU104,0) -> 19 | AZ104: =ROUND(AR104+AV104,0) -> 23 | BA104: =ROUND(AS104+AW104,0) -> 9 | BB104: 15 | BC104: =ROUND(AT104+AX104,0) -> 52 | BD104: =SUM(AY104:BC104) -> 118 | BE104: =ROUND(BD104/2,0) -> 59 | BO104: A | BP104: A | BR104: =ROUND(I104+Q104+Y104+AG104+AO104+BE104,0) -> 407 | BS104: =BR104/6 -> 67.833333 | BT104: =IF(BS104>=75,"GRADE I with Distinction",IF(BS104>=60,"GRADE I",IF(BS104>=45,"GRADE II",IF(BS104>=35,"PASS","FAIL")))) -> GRADE I
A105: 100 | B105: RISHABH BALASUBRAMANIAM | C105: 4 | D105: 15 | E105: 9 | F105: 11 | G105: 30 | H105: =ROUND(SUM(C105:G105),0) -> 69 | I105: =ROUND(H105/2,0) -> 35 | K105: 5 | L105: 14 | M105: 8 | N105: 14 | O105: 19 | P105: =ROUND(SUM(K105:O105),0) -> 60 | Q105: =ROUND(P105/2,0) -> 30 | R105: 5 | S105: 16 | T105: 26 | U105: 9 | V105: 18 | W105: 47 | X105: =ROUND(SUM(S105:W105),0) -> 116 | Y105: =ROUND(X105/2,0) -> 58 | AA105: 9 | AB105: 14 | AC105: 6 | AD105: 15 | AE105: 27 | AF105: =ROUND(SUM(AA105:AE105),0) -> 71 | AG105: =ROUND(AF105/2,0) -> 36 | AI105: 8 | AJ105: 17 | AK105: 10 | AL105: 15 | AM105: 47 | AN105: =ROUND(SUM(AI105:AM105),0) -> 97 | AO105: =ROUND(AN105/2,0) -> 49 | AS105: SP | AW105: SP | BC105: =ROUND(AT105+AX105,0) -> 0 | BD105: =SUM(AY105:BC105) -> 0 | BE105: =ROUND(BD105/2,0) -> 0 | BG105: 7 | BH105: 6 | BI105: 11 | BJ105: 17 | BK105: 43 | BL105: =SUM(BG105:BK105) -> 84 | BM105: =84/2 -> 42 | BO105: A | BP105: B | BR105: =ROUND(I105+Q105+Y105+AG105+AO105+BE105,0) -> 208 | BS105: =BR105/6 -> 34.666667 | BT105: =IF(BS105>=75,"GRADE I with Distinction",IF(BS105>=60,"GRADE I",IF(BS105>=45,"GRADE II",IF(BS105>=35,"PASS","FAIL")))) -> FAIL
A106: 101 | B106: RISHI JITENDRA OBEROI | C106: 9 | D106: 28 | E106: 16 | F106: 12 | G106: 48 | H106: =ROUND(SUM(C106:G106),0) -> 113 | I106: =ROUND(H106/2,0) -> 57 | K106: 14 | L106: 25 | M106: 13 | N106: 13 | O106: 43 | P106: =ROUND(SUM(K106:O106),0) -> 108 | Q106: =ROUND(P106/2,0) -> 54 | S106: 23 | T106: 37 | U106: 12 | V106: 18 | W106: 61 | X106: =ROUND(SUM(S106:W106),0) -> 151 | Y106: =ROUND(X106/2,0) -> 76 | AA106: 24 | AB106: 30 | AC106: 23 | AD106: 16 | AE106: 53 | AF106: =ROUND(SUM(AA106:AE106),0) -> 146 | AG106: =ROUND(AF106/2,0) -> 73 | AI106: 22 | AJ106: 41 | AK106: 9 | AL106: 16 | AM106: 60 | AN106: =ROUND(SUM(AI106:AM106),0) -> 148 | AO106: =ROUND(AN106/2,0) -> 74 | AQ106: 5 | AR106: 14 | AS106: 6 | AT106: 28 | AU106: 7 | AV106: 16.5 | AW106: 4 | AX106: 21 | AY106: =ROUND(AQ106+AU106,0) -> 12 | AZ106: =ROUND(AR106+AV106,0) -> 31 | BA106: =ROUND(AS106+AW106,0) -> 10 | BB106: 13 | BC106: =ROUND(AT106+AX106,0) -> 49 | BD106: =SUM(AY106:BC106) -> 115 | BE106: =ROUND(BD106/2,0) -> 58 | BO106: B | BP106: A | BR106: =ROUND(I106+Q106+Y106+AG106+AO106+BE106,0) -> 392 | BS106: =BR106/6 -> 65.333333 | BT106: =IF(BS106>=75,"GRADE I with Distinction",IF(BS106>=60,"GRADE I",IF(BS106>=45,"GRADE II",IF(BS106>=35,"PASS","FAIL")))) -> GRADE I
A107: 102 | B107: ROZY SHAIKH | C107: 13 | D107: 22 | E107: 17 | F107: 12 | G107: 44 | H107: =ROUND(SUM(C107:G107),0) -> 108 | I107: =ROUND(H107/2,0) -> 54 | K107: 10 | L107: 19 | M107: 14 | N107: 16 | O107: 50 | P107: =ROUND(SUM(K107:O107),0) -> 109 | Q107: =ROUND(P107/2,0) -> 55 | S107: 20 | T107: 32 | U107: 12 | V107: 17 | W107: 56 | X107: =ROUND(SUM(S107:W107),0) -> 137 | Y107: =ROUND(X107/2,0) -> 69 | AA107: 10 | AB107: 13 | AC107: 11 | AD107: 17 | AE107: 32 | AF107: =ROUND(SUM(AA107:AE107),0) -> 83 | AG107: =ROUND(AF107/2,0) -> 42 | AI107: 8 | AJ107: 31 | AK107: 8 | AL107: 15 | AM107: 33 | AN107: =ROUND(SUM(AI107:AM107),0) -> 95 | AO107: =ROUND(AN107/2,0) -> 48 | AQ107: 9 | AR107: 4 | AS107: 3 | AT107: 9 | AU107: 5 | AV107: 4 | AW107: 3 | AX107: 6 | AY107: =ROUND(AQ107+AU107,0) -> 14 | AZ107: =ROUND(AR107+AV107,0) -> 8 | BA107: =ROUND(AS107+AW107,0) -> 6 | BB107: 10 | BC107: =ROUND(AT107+AX107,0) -> 15 | BD107: =SUM(AY107:BC107) -> 53 | BE107: =ROUND(BD107/2,0) -> 27 | BF107: 8 | BO107: A | BP107: A | BQ107: 8 | BR107: =ROUND(I107+Q107+Y107+AG107+AO107+BE107,0) -> 295 | BS107: =BR107/6 -> 49.166667 | BT107: PROMOTED
A108: 103 | B108: SAWANT PRITI JITENDRA | C108: 11 | D108: 19 | E108: 13 | F108: 14 | G108: 49 | H108: =ROUND(SUM(C108:G108),0) -> 106 | I108: =ROUND(H108/2,0) -> 53 | K108: 15 | L108: 32 | M108: 15 | N108: 15 | O108: 47 | P108: =ROUND(SUM(K108:O108),0) -> 124 | Q108: =ROUND(P108/2,0) -> 62 | S108: 21 | T108: 42 | U108: 16 | V108: 17 | W108: 68 | X108: =ROUND(SUM(S108:W108),0) -> 164 | Y108: =ROUND(X108/2,0) -> 82 | AA108: 23 | AB108: 30 | AC108: 13 | AD108: 16 | AE108: 49 | AF108: =ROUND(SUM(AA108:AE108),0) -> 131 | AG108: =ROUND(AF108/2,0) -> 66 | AI108: 19 | AJ108: 38 | AK108: 11 | AL108: 19 | AM108: 51 | AN108: =ROUND(SUM(AI108:AM108),0) -> 138 | AO108: =ROUND(AN108/2,0) -> 69 | AQ108: 12 | AR108: 21 | AS108: 5 | AT108: 18 | AU108: 7.5 | AV108: 16.5 | AW108: 6 | AX108: 22 | AY108: =ROUND(AQ108+AU108,0) -> 20 | AZ108: =ROUND(AR108+AV108,0) -> 38 | BA108: =ROUND(AS108+AW108,0) -> 11 | BB108: 20 | BC108: =ROUND(AT108+AX108,0) -> 40 | BD108: =SUM(AY108:BC108) -> 129 | BE108: =ROUND(BD108/2,0) -> 65 | BO108: A | BP108: A | BR108: =ROUND(I108+Q108+Y108+AG108+AO108+BE108,0) -> 397 | BS108: =BR108/6 -> 66.166667 | BT108: =IF(BS108>=75,"GRADE I with Distinction",IF(BS108>=60,"GRADE I",IF(BS108>=45,"GRADE II",IF(BS108>=35,"PASS","FAIL")))) -> GRADE I
...

Sheet DIV_B
A1: SIES JUNIOR COLLEGE OF COMMERCE, NERUL
A2: FYJC ( DIV B ) MARKSHEET - 2024 - 2025
C3: ENGLISH | K3: HINDI | S3: ECONOMICS | AA3: BK & A/C | AI3: OC | AQ3: MATHS 1 | AU3: MATHS 2 | AY3: Maths Total | BG3: S.P
A4: ROLL NO | B4: STUDENT NAME (AS PER 10TH MARHEET) | C4: ENG UNIT I | D4: ENG TERM I | E4: ENGUNIT II | F4: ENG INT | G4: ENG ANNUAL | H4: ENG TOT | I4: ENG AVG | J4: ENG GRACE | K4: Hindi UNIT I | L4: Hindi TERM I | M4: Hindi UNIT II | N4: Hindi Pract | O4: Hindi Annual | P4: Hindi Total | Q4: Hindi AVG | R4: Hindi GRACE | S4: ECO UNIT I | T4: ECO TERM I | U4: ECO UNIT II | V4: ECO INT | W4: ECO ANNUAL | X4: ECO TOT | Y4: ECO AVG | Z4: ECO GRACE | AA4: BK UNIT I | AB4: BK TERM I | AC4: BK UNIT II | AD4: BK INT | AE4: BK ANNUAL | AF4: BK TOT | AG4: BK AVG | AH4: BK GRACE | AI4: OC UNIT I | AJ4: OC TERM 1 | AK4: OC UNIT II | AL4: OC INT | AM4: OC ANNUAL | AN4: OC TOT | AO4: OC AVG | AP4: OC GRACE | AQ4: MATHS I UNIT I | AR4: MATHS I TERM I | AS4: MATHS I UNIT II | AT4: MATH I ANNUAL | AU4: MATH II UNIT I | AV4: MATH II TERM I | AW4: MATH II UNIT II | AX4: MATH II ANNUAL | AY4: MATHSUNIT I | AZ4: MATHS TERM I | BA4: MATHS UNIT II | BB4: MATHS INT | BC4: MATHS ANNUAL | BD4: MATHS TOT | BE4: MATHS AVG | BF4: MATHS GRACE | BG4: SP UNIT I | BH4: SP TERM I | BI4: SP UNIT II | BJ4: SP INT | BK4: MATHS ANNUAL | BL4: MATHS TOT | BM4: MATHS AVG | BN4: MATHS GRACE | BO4: EVS | BP4: PE | BQ4: Total Grace | BR4: TOTAL | BS4: % | BT4: Result | BU4: Subject
C5: 25 | D5: 50 | E5: 25 | F5: 20 | G5: 80 | H5: 200 | I5: 100 | K5: 25 | L5: 50 | M5: 25 | N5: 20 | O5: 80 | P5: 200 | Q5: 100 | S5: 25 | T5: 50 | U5: 25 | V5: 20 | W5: 80 | X5: 200 | Y5: 100 | AA5: 25 | AB5: 50 | AC5: 25 | AD5: 20 | AE5: 80 | AF5: 200 | AG5: 100 | AI5: 25 | AJ5: 50 | AK5: 25 | AL5: 20 | AM5: 80 | AN5: 200 | AO5: 100 | AQ5: 25 | AR5: 50 | AS5: 25 | AT5: 40 | AU5: 25 | AV5: 50 | AW5: 25 | AX5: 40 | AY5: 25 | AZ5: 50 | BA5: 25 | BB5: 20 | BC5: 80 | BD5: 200 | BE5: 100 | BG5: 25 | BH5: 50 | BI5: 25 | BJ5: 20 | BK5: 80 | BL5: 200 | BM5: 100
A6: 1 | B6: AADYA GIRISH KUMAR | C6: 3 | D6: 11 | E6: 11 | F6: 14 | G6: 51 | H6: =ROUND(SUM(C6:G6),0) -> 90 | I6: =ROUND(H6/2,0) -> 45 | K6: 11 | L6: 9 | M6: 7 | N6: 13 | O6: 23 | P6: =ROUND(SUM(K6:O6),0) -> 63 | Q6: =ROUND(P6/2,0) -> 32 | R6: 3 | S6: 15 | T6: 21 | U6: 10 | V6: 12 | W6: 37 | X6: =ROUND(SUM(S6:W6),0) -> 95 | Y6: =ROUND(X6/2,0) -> 48 | AA6: 21 | AB6: 15 | AC6: 7 | AD6: 11 | AE6: 20 | AF6: =ROUND(SUM(AA6:AE6),0) -> 74 | AG6: =ROUND(AF6/2,0) -> 37 | AI6: 11 | AJ6: 13 | AK6: 10 | AL6: 17 | AM6: 33 | AN6: =ROUND(SUM(AI6:AM6),0) -> 84 | AO6: =ROUND(AN6/2,0) -> 42 | AQ6: 6 | AR6: 1 | AS6: 3 | AT6: 20 | AU6: 4 | AV6: 6 | AW6: 1 | AX6: 10 | AY6: =ROUND(SUM(AQ6,AU6),0) -> 10 | AZ6: =ROUND(SUM(AR6,AV6),0) -> 7 | BA6: =ROUND(SUM(AS6,AW6),0) -> 4 | BB6: 7 | BC6: =ROUND(AT6+AX6,0) -> 30 | BD6: =ROUND(SUM(AY6:BC6),0) -> 58 | BE6: =ROUND(BD6/2,0) -> 29 | BF6: 6 | BO6: B | BP6: A | BQ6: =J6+R6+Z6+AH6+AP6+BF6 -> 9 | BR6: =ROUND(I6+Q6+Y6+AG6+AO6+BE6,0) -> 233 | BS6: =BR6/6 -> 38.833333 | BT6: PROMOTED
A7: 2 | B7: AASHAY AMIT REGE | C7: 8 | D7: 22 | E7: 11 | F7: 12 | G7: 48 | H7: =ROUND(SUM(C7:G7),0) -> 101 | I7: =ROUND(H7/2,0) -> 51 | K7: 14 | L7: 22 | M7: 12 | N7: 13 | O7: 53 | P7: =ROUND(SUM(K7:O7),0) -> 114 | Q7: =ROUND(P7/2,0) -> 57 | S7: 24 | T7: 39 | U7: 16 | V7: 16 | W7: 67 | X7: =ROUND(SUM(S7:W7),0) -> 162 | Y7: =ROUND(X7/2,0) -> 81 | AA7: 22 | AB7: 33 | AC7: 9 | AD7: 16 | AE7: 45 | AF7: =ROUND(SUM(AA7:AE7),0) -> 125 | AG7: =ROUND(AF7/2,0) -> 63 | AI7: 25 | AJ7: 42 | AK7: 19 | AL7: 20 | AM7: 51 | AN7: =ROUND(SUM(AI7:AM7),0) -> 157 | AO7: =ROUND(AN7/2,0) -> 79 | AQ7: 9 | AR7: 16 | AS7: 11 | AT7: 28 | AU7: 4 | AV7: 19 | AW7: 8 | AX7: 17 | AY7: =ROUND(SUM(AQ7,AU7),0) -> 13 | AZ7: =ROUND(SUM(AR7,AV7),0) -> 35 | BA7: =ROUND(SUM(AS7,AW7),0) -> 19 | BB7: 15 | BC7: =ROUND(AT7+AX7,0) -> 45 | BD7: =ROUND(SUM(AY7:BC7),0) -> 127 | BE7: =ROUND(BD7/2,0) -> 64 | BO7: A | BP7: A | BQ7: =J7+R7+Z7+AH7+AP7+BF7 -> 0 | BR7: =ROUND(I7+Q7+Y7+AG7+AO7+BE7,0) -> 395 | BS7: =BR7/6 -> 65.833333 | BT7: =IF(BS7>=75,"GRADE I with Distinction",IF(BS7>=60,"GRADE I",IF(BS7>=45,"GRADE II",IF(BS7>=35,"PASS","FAIL")))) -> GRADE I
A8: 3 | B8: ACHARYA BINDUSHREE BALU | C8: 9 | D8: 11 | E8: 10 | F8: 14 | G8: 36 | H8: =ROUND(SUM(C8:G8),0) -> 80 | I8: =ROUND(H8/2,0) -> 40 | K8: 14 | L8: 18 | M8: 11 | N8: 15 | O8: 29 | P8: =ROUND(SUM(K8:O8),0) -> 87 | Q8: =ROUND(P8/2,0) -> 44 | S8: 15 | T8: 23 | U8: 16 | V8: 11 | W8: 44 | X8: =ROUND(SUM(S8:W8),0) -> 109 | Y8: =ROUND(X8/2,0) -> 55 | AA8: 10 | AB8: 12 | AC8: 7 | AD8: 8 | AE8: 27 | AF8: =ROUND(SUM(AA8:AE8),0) -> 64 | AG8: =ROUND(AF8/2,0) -> 32 | AH8: 3 | AI8: 13 | AJ8: 21 | AK8: 7 | AL8: 18 | AM8: 41 | AN8: =ROUND(SUM(AI8:AM8),0) -> 100 | AO8: =ROUND(AN8/2,0) -> 50 | AQ8: 7 | AR8: 1 | AS8: 4 | AT8: 19 | AU8: 2 | AV8: 4 | AW8: 4 | AX8: 13 | AY8: =ROUND(SUM(AQ8,AU8),0) -> 9 | AZ8: =ROUND(SUM(AR8,AV8),0) -> 5 | BA8: =ROUND(SUM(AS8,AW8),0) -> 8 | BB8: 6 | BC8: =ROUND(AT8+AX8,0) -> 32 | BD8: =ROUND(SUM(AY8:BC8),0) -> 60 | BE8: =ROUND(BD8/2,0) -> 30 | BF8: 5 | BO8: A | BP8: B | BQ8: =J8+R8+Z8+AH8+AP8+BF8 -> 8 | BR8: =ROUND(I8+Q8+Y8+AG8+AO8+BE8,0) -> 251 | BS8: =BR8/6 -> 41.833333 | BT8: PROMOTED
A9: 4 | B9: ADVAIT VIKRAM | C9: 5 | D9: 19 | E9: AB | F9: 12 | G9: 43 | H9: =ROUND(SUM(C9:G9),0) -> 79 | I9: =ROUND(H9/2,0) -> 40 | K9: 6 | L9: 11 | M9: 6 | N9: 14 | O9: 18 | P9: =ROUND(SUM(K9:O9),0) -> 55 | Q9: =ROUND(P9/2,0) -> 28 | R9: 7 | S9: 13 | T9: 33 | U9: AB | V9: 16 | W9: 42 | X9: =ROUND(SUM(S9:W9),0) -> 104 | Y9: =ROUND(X9/2,0) -> 52 | AA9: 13 | AB9: 19 | AC9: 7 | AD9: 15 | AE9: 20 | AF9: =ROUND(SUM(AA9:AE9),0) -> 74 | AG9: =ROUND(AF9/2,0) -> 37 | AI9: 9 | AJ9: 23 | AK9: 3 | AL9: 16 | AM9: 36 | AN9: =ROUND(SUM(AI9:AM9),0) -> 87 | AO9: =ROUND(AN9/2,0) -> 44 | AQ9: 6 | AR9: 3 | AS9: 2 | AT9: 13 | AU9: 4 | AV9: 6 | AW9: 6.5 | AX9: 15 | AY9: =ROUND(SUM(AQ9,AU9),0) -> 10 | AZ9: =ROUND(SUM(AR9,AV9),0) -> 9 | BA9: =ROUND(SUM(AS9,AW9),0) -> 9 | BB9: 9 | BC9: =ROUND(AT9+AX9,0) -> 28 | BD9: =ROUND(SUM(AY9:BC9),0) -> 65 | BE9: =ROUND(BD9/2,0) -> 33 | BF9: 2 | BO9: A | BP9: A | BQ9: =J9+R9+Z9+AH9+AP9+BF9 -> 9 | BR9: =ROUND(I9+Q9+Y9+AG9+AO9+BE9,0) -> 234 | BS9: =BR9/6 -> 39 | BT9: PROMOTED
A10: 5 | B10: AKSHAY KRISHNA KUMAR | C10: 6 | D10: 15 | E10: 11 | F10: 12 | G10: 33 | H10: =ROUND(SUM(C10:G10),0) -> 77 | I10: =ROUND(H10/2,0) -> 39 | K10: 5 | L10: 21 | M10: 8 | N10: 14 | O10: 32 | P10: =ROUND(SUM(K10:O10),0) -> 80 | Q10: =ROUND(P10/2,0) -> 40 | S10: 7 | T10: 23 | U10: 7 | V10: 16 | W10: 28 | X10: =ROUND(SUM(S10:W10),0) -> 81 | Y10: =ROUND(X10/2,0) -> 41 | AA10: 13 | AB10: 17 | AC10: 9 | AD10: 9 | AE10: 24 | AF10: =ROUND(SUM(AA10:AE10),0) -> 72 | AG10: =ROUND(AF10/2,0) -> 36 | AI10: 5 | AJ10: 17 | AK10: 8 | AL10: 15 | AM10: 34 | AN10: =ROUND(SUM(AI10:AM10),0) -> 79 | AO10: =ROUND(AN10/2,0) -> 40 | AQ10: 5 | AR10: 7 | AS10: 3 | AT10: 10 | AU10: 3 | AV10: 6 | AW10: 4.5 | AX10: 12 | AY10: =ROUND(SUM(AQ10,AU10),0) -> 8 | AZ10: =ROUND(SUM(AR10,AV10),0) -> 13 | BA10: =ROUND(SUM(AS10,AW10),0) -> 8 | BB10: 8 | BC10: =ROUND(AT10+AX10,0) -> 22 | BD10: =ROUND(SUM(AY10:BC10),0) -> 59 | BE10: =ROUND(BD10/2,0) -> 30 | BF10: 5 | BO10: B | BP10: B | BQ10: =J10+R10+Z10+AH10+AP10+BF10 -> 5 | BR10: =ROUND(I10+Q10+Y10+AG10+AO10+BE10,0) -> 226 | BS10: =BR10/6 -> 37.666667 | BT10: PROMOTED
A11: 6 | B11: ALOK NAIR | C11: 12 | D11: 26 | E11: 17 | F11: 18 | G11: 61 | H11: =ROUND(SUM(C11:G11),0) -> 134 | I11: =ROUND(H11/2,0) -> 67 | K11: 9 | L11: 28 | M11: 14 | N11: 12 | O11: 51 | P11: =ROUND(SUM(K11:O11),0) -> 114 | Q11: =ROUND(P11/2,0) -> 57 | S11: 16 | T11: 47 | U11: 13 | V11: 17 | W11: 66 | X11: =ROUND(SUM(S11:W11),0) -> 159 | Y11: =ROUND(X11/2,0) -> 80 | AA11: 21 | AB11: 31 | AC11: 12 | AD11: 16 | AE11: 41 | AF11: =ROUND(SUM(AA11:AE11),0) -> 121 | AG11: =ROUND(AF11/2,0) -> 61 | AI11: 13 | AJ11: 43 | AK11: 14 | AL11: 17 | AM11: 59 | AN11: =ROUND(SUM(AI11:AM11),0) -> 146 | AO11: =ROUND(AN11/2,0) -> 73 | AQ11: 12 | AR11: 14 | AS11: 5 | AT11: 20 | AU11: 1 | AV11: 21 | AW11: 4.5 | AX11: 15 | AY11: =ROUND(SUM(AQ11,AU11),0) -> 13 | AZ11: =ROUND(SUM(AR11,AV11),0) -> 35 | BA11: =ROUND(SUM(AS11,AW11),0) -> 10 | BB11: 3 | BC11: =ROUND(AT11+AX11,0) -> 35 | BD11: =ROUND(SUM(AY11:BC11),0) -> 96 | BE11: =ROUND(BD11/2,0) -> 48 | BO11: A | BP11: B | BQ11: =J11+R11+Z11+AH11+AP11+BF11 -> 0 | BR11: =ROUND(I11+Q11+Y11+AG11+AO11+BE11,0) -> 386 | BS11: =BR11/6 -> 64.333333 | BT11: =IF(BS11>=75,"GRADE I with Distinction",IF(BS11>=60,"GRADE I",IF(BS11>=45,"GRADE II",IF(BS11>=35,"PASS","FAIL")))) -> GRADE I
A12: 7 | B12: AMBRE PARTH DHANANJAY | C12: 6 | D12: 15 | E12: 11 | F12: 16 | G12: 45 | H12: =ROUND(SUM(C12:G12),0) -> 93 | I12: =ROUND(H12/2,0) -> 47 | K12: 11 | L12: 22 | M12: 13 | N12: 15 | O12: 43 | P12: =ROUND(SUM(K12:O12),0) -> 104 | Q12: =ROUND(P12/2,0) -> 52 | S12: 13 | T12: 30 | U12: 5 | V12: 18 | W12: 41 | X12: =ROUND(SUM(S12:W12),0) -> 107 | Y12: =ROUND(X12/2,0) -> 54 | AA12: 14 | AB12: 18 | AC12: 10 | AD12: 15 | AE12: 23 | AF12: =ROUND(SUM(AA12:AE12),0) -> 80 | AG12: =ROUND(AF12/2,0) -> 40 | AI12: 10 | AJ12: 18 | AK12: 6 | AL12: 19 | AM12: 41 | AN12: =ROUND(SUM(AI12:AM12),0) -> 94 | AO12: =ROUND(AN12/2,0) -> 47 | AQ12: 8 | AR12: 9 | AS12: 3 | AT12: 17 | AU12: 1 | AV12: 6 | AW12: 3.5 | AX12: 16 | AY12: =ROUND(SUM(AQ12,AU12),0) -> 9 | AZ12: =ROUND(SUM(AR12,AV12),0) -> 15 | BA12: =ROUND(SUM(AS12,AW12),0) -> 7 | BB12: 8 | BC12: =ROUND(AT12+AX12,0) -> 33 | BD12: =ROUND(SUM(AY12:BC12),0) -> 72 | BE12: =ROUND(BD12/2,0) -> 36 | BO12: A | BP12: A | BQ12: =J12+R12+Z12+AH12+AP12+BF12 -> 0 | BR12: =ROUND(I12+Q12+Y12+AG12+AO12+BE12,0) -> 276 | BS12: =BR12/6 -> 46 | BT12: =IF(BS12>=75,"GRADE I with Distinction",IF(BS12>=60,"GRADE I",IF(BS12>=45,"GRADE II",IF(BS12>=35,"PASS","FAIL")))) -> GRADE II
A13: 8 | B13: AMIN NIHAL PREMNATH AMIN | C13: 5 | D13: 5 | E13: 10 | F13: 10 | G13: 30 | H13: =ROUND(SUM(C13:G13),0) -> 60 | I13: =ROUND(H13/2,0) -> 30 | K13: 5 | L13: 17 | M13: 9 | N13: 10 | O13: 21 | P13: =ROUND(SUM(K13:O13),0) -> 62 | Q13: =ROUND(P13/2,0) -> 31 | S13: 8 | T13: 10 | U13: 2 | V13: 11 | W13: 33 | X13: =ROUND(SUM(S13:W13),0) -> 64 | Y13: =ROUND(X13/2,0) -> 32 | AA13: 10 | AB13: 7 | AC13: 8 | AD13: 13 | AE13: 13 | AF13: =ROUND(SUM(AA13:AE13),0) -> 51 | AG13: =ROUND(AF13/2,0) -> 26 | AI13: 7 | AJ13: 14 | AK13: 3 | AL13: 11 | AM13: 19 | AN13: =ROUND(SUM(AI13:AM13),0) -> 54 | AO13: =ROUND(AN13/2,0) -> 27 | AQ13: 4 | AR13: 3 | AS13: 4 | AT13: 12 | AU13: 1 | AV13: 5 | AW13: 2 | AX13: 8 | AY13: =ROUND(SUM(AQ13,AU13),0) -> 5 | AZ13: =ROUND(SUM(AR13,AV13),0) -> 8 | BA13: =ROUND(SUM(AS13,AW13),0) -> 6 | BB13: 5 | BC13: =ROUND(AT13+AX13,0) -> 20 | BD13: =ROUND(SUM(AY13:BC13),0) -> 44 | BE13: =ROUND(BD13/2,0) -> 22 | BO13: C | BP13: B | BQ13: =J13+R13+Z13+AH13+AP13+BF13 -> 0 | BR13: =ROUND(I13+Q13+Y13+AG13+AO13+BE13,0) -> 168 | BS13: =BR13/6 -> 28 | BT13: =IF(BS13>=75,"GRADE I with Distinction",IF(BS13>=60,"GRADE I",IF(BS13>=45,"GRADE II",IF(BS13>=35,"PASS","FAIL")))) -> FAIL
A14: 9 | B14: ANCHAN PRATIK VISHWANATH | C14: 8 | D14: 18 | E14: 11 | F14: 15 | G14: 41 | H14: =ROUND(SUM(C14:G14),0) -> 93 | I14: =ROUND(H14/2,0) -> 47 | K14: 9 | L14: 27 | M14: 11 | N14: 14 | O14: 40 | P14: =ROUND(SUM(K14:O14),0) -> 101 | Q14: =ROUND(P14/2,0) -> 51 | S14: 12 | T14: 32 | U14: 17 | V14: 18 | W14: 58 | X14: =ROUND(SUM(S14:W14),0) -> 137 | Y14: =ROUND(X14/2,0) -> 69 | AA14: 15 | AB14: 18 | AC14: 13 | AD14: 12 | AE14: 27 | AF14: =ROUND(SUM(AA14:AE14),0) -> 85 | AG14: =ROUND(AF14/2,0) -> 43 | AI14: 15 | AJ14: 27 | AK14: 11 | AL14: 17 | AM14: 51 | AN14: =ROUND(SUM(AI14:AM14),0) -> 121 | AO14: =ROUND(AN14/2,0) -> 61 | AQ14: 6 | AR14: 11 | AS14: 5 | AT14: 13 | AU14: 0 | AV14: 7 | AW14: 7 | AX14: 15 | AY14: =ROUND(SUM(AQ14,AU14),0) -> 6 | AZ14: =ROUND(SUM(AR14,AV14),0) -> 18 | BA14: =ROUND(SUM(AS14,AW14),0) -> 12 | BB14: 11 | BC14: =ROUND(AT14+AX14,0) -> 28 | BD14: =ROUND(SUM(AY14:BC14),0) -> 75 | BE14: =ROUND(BD14/2,0) -> 38 | BO14: A | BP14: A | BQ14: =J14+R14+Z14+AH14+AP14+BF14 -> 0 | BR14: =ROUND(I14+Q14+Y14+AG14+AO14+BE14,0) -> 309 | BS14: =BR14/6 -> 51.5 | BT14: =IF(BS14>=75,"GRADE I with Distinction",IF(BS14>=60,"GRADE I",IF(BS14>=45,"GRADE II",IF(BS14>=35,"PASS","FAIL")))) -> GRADE II
A15: 10 | B15: ANMEY VIJAY GHADGE | C15: 7 | D15: 18 | E15: 13 | F15: 14 | G15: 34 | H15: =ROUND(SUM(C15:G15),0) -> 86 | I15: =ROUND(H15/2,0) -> 43 | K15: 9 | L15: 27 | M15: 12 | N15: 14 | O15: 27 | P15: =ROUND(SUM(K15:O15),0) -> 89 | Q15: =ROUND(P15/2,0) -> 45 | S15: 16 | T15: 33 | U15: 18 | V15: 17 | W15: 49 | X15: =ROUND(SUM(S15:W15),0) -> 133 | Y15: =ROUND(X15/2,0) -> 67 | AA15: 15 | AB15: 29 | AC15: 7 | AD15: 14 | AE15: 37 | AF15: =ROUND(SUM(AA15:AE15),0) -> 102 | AG15: =ROUND(AF15/2,0) -> 51 | AI15: 14 | AJ15: 39 | AK15: 9 | AL15: 18 | AM15: 43 | AN15: =ROUND(SUM(AI15:AM15),0) -> 123 | AO15: =ROUND(AN15/2,0) -> 62 | AQ15: 11 | AR15: 16.5 | AS15: 5 | AT15: 22 | AU15: 4 | AV15: 13.5 | AW15: 4.5 | AX15: 21 | AY15: =ROUND(SUM(AQ15,AU15),0) -> 15 | AZ15: =ROUND(SUM(AR15,AV15),0) -> 30 | BA15: =ROUND(SUM(AS15,AW15),0) -> 10 | BB15: 15 | BC15: =ROUND(AT15+AX15,0) -> 43 | BD15: =ROUND(SUM(AY15:BC15),0) -> 113 | BE15: =ROUND(BD15/2,0) -> 57 | BO15: A | BP15: A | BQ15: =J15+R15+Z15+AH15+AP15+BF15 -> 0 | BR15: =ROUND(I15+Q15+Y15+AG15+AO15+BE15,0) -> 325 | BS15: =BR15/6 -> 54.166667 | BT15: =IF(BS15>=75,"GRADE I with Distinction",IF(BS15>=60,"GRADE I",IF(BS15>=45,"GRADE II",IF(BS15>=35,"PASS","FAIL")))) -> GRADE II
A16: 11 | B16: ANUPRIYA SANIL KUMAR | C16: 12 | D16: 29 | E16: 15 | F16: 18 | G16: 56 | H16: =ROUND(SUM(C16:G16),0) -> 130 | I16: =ROUND(H16/2,0) -> 65 | K16: 12 | L16: 26 | M16: 16 | N16: 14 | O16: 38 | P16: =ROUND(SUM(K16:O16),0) -> 106 | Q16: =ROUND(P16/2,0) -> 53 | S16: 22 | T16: 42 | U16: 20 | V16: 15 | W16: 53 | X16: =ROUND(SUM(S16:W16),0) -> 152 | Y16: =ROUND(X16/2,0) -> 76 | AA16: 22 | AB16: 25 | AC16: 11 | AD16: 15 | AE16: 39 | AF16: =ROUND(SUM(AA16:AE16),0) -> 112 | AG16: =ROUND(AF16/2,0) -> 56 | AI16: 14 | AJ16: 41 | AK16: 14 | AL16: 20 | AM16: 55 | AN16: =ROUND(SUM(AI16:AM16),0) -> 144 | AO16: =ROUND(AN16/2,0) -> 72 | AQ16: 12 | AR16: 20 | AS16: 4 | AT16: 29 | AU16: 8.5 | AV16: 9.5 | AW16: 7 | AX16: 8 | AY16: =ROUND(SUM(AQ16,AU16),0) -> 21 | AZ16: =ROUND(SUM(AR16,AV16),0) -> 30 | BA16: =ROUND(SUM(AS16,AW16),0) -> 11 | BB16: 15 | BC16: =ROUND(AT16+AX16,0) -> 37 | BD16: =ROUND(SUM(AY16:BC16),0) -> 114 | BE16: =ROUND(BD16/2,0) -> 57 | BO16: B | BP16: A | BQ16: =J16+R16+Z16+AH16+AP16+BF16 -> 0 | BR16: =ROUND(I16+Q16+Y16+AG16+AO16+BE16,0) -> 379 | BS16: =BR16/6 -> 63.166667 | BT16: =IF(BS16>=75,"GRADE I with Distinction",IF(BS16>=60,"GRADE I",IF(BS16>=45,"GRADE II",IF(BS16>=35,"PASS","FAIL")))) -> GRADE I
A17: 12 | B17: ARYAN SREEDHAR NAIR | C17: 7 | D17: 5 | E17: 10 | F17: 11 | G17: 38 | H17: =ROUND(SUM(C17:G17),0) -> 71 | I17: =ROUND(H17/2,0) -> 36 | K17: 7 | L17: 10 | M17: 9 | N17: 13 | O17: 22 | P17: =ROUND(SUM(K17:O17),0) -> 61 | Q17: =ROUND(P17/2,0) -> 31 | S17: 9 | T17: 16 | U17: 6 | V17: 16 | W17: 24 | X17: =ROUND(SUM(S17:W17),0) -> 71 | Y17: =ROUND(X17/2,0) -> 36 | AA17: 10 | AB17: 6 | AC17: 4 | AD17: 5 | AE17: 7 | AF17: =ROUND(SUM(AA17:AE17),0) -> 32 | AG17: =ROUND(AF17/2,0) -> 16 | AI17: 4 | AJ17: 12 | AK17: 5 | AL17: 12 | AM17: 20 | AN17: =ROUND(SUM(AI17:AM17),0) -> 53 | AO17: =ROUND(AN17/2,0) -> 27 | AQ17: 2 | AR17: 1 | AS17: 4 | AT17: 6 | AU17: 7 | AV17: 2 | AW17: 3 | AX17: 5 | AY17: =ROUND(SUM(AQ17,AU17),0) -> 9 | AZ17: =ROUND(SUM(AR17,AV17),0) -> 3 | BA17: =ROUND(SUM(AS17,AW17),0) -> 7 | BB17: 5 | BC17: =ROUND(AT17+AX17,0) -> 11 | BD17: =ROUND(SUM(AY17:BC17),0) -> 35 | BE17: =ROUND(BD17/2,0) -> 18 | BO17: A | BP17: B | BQ17: =J17+R17+Z17+AH17+AP17+BF17 -> 0 | BR17: =ROUND(I17+Q17+Y17+AG17+AO17+BE17,0) -> 164 | BS17: =BR17/6 -> 27.333333 | BT17: =IF(BS17>=75,"GRADE I with Distinction",IF(BS17>=60,"GRADE I",IF(BS17>=45,"GRADE II",IF(BS17>=35,"PASS","FAIL")))) -> FAIL
A18: 13 | B18: ASHWINIRAI PALARAMAN | C18: 5 | D18: 10 | E18: 9 | F18: 14 | G18: 37 | H18: =ROUND(SUM(C18:G18),0) -> 75 | I18: =ROUND(H18/2,0) -> 38 | K18: 7 | L18: 23 | M18: 11 | N18: 12 | O18: 26 | P18: =ROUND(SUM(K18:O18),0) -> 79 | Q18: =ROUND(P18/2,0) -> 40 | S18: 14 | T18: 24 | U18: 11 | V18: 18 | W18: 56 | X18: =ROUND(SUM(S18:W18),0) -> 123 | Y18: =ROUND(X18/2,0) -> 62 | AA18: 13 | AB18: 16 | AC18: 11 | AD18: 15 | AE18: 28 | AF18: =ROUND(SUM(AA18:AE18),0) -> 83 | AG18: =ROUND(AF18/2,0) -> 42 | AI18: 3 | AJ18: 18 | AK18: 10 | AL18: 14 | AM18: 32 | AN18: =ROUND(SUM(AI18:AM18),0) -> 77 | AO18: =ROUND(AN18/2,0) -> 39 | AQ18: 8 | AR18: 5 | AS18: 4 | AT18: 16 | AU18: 3 | AV18: 8.5 | AW18: 2.5 | AX18: 10 | AY18: =ROUND(SUM(AQ18,AU18),0) -> 11 | AZ18: =ROUND(SUM(AR18,AV18),0) -> 14 | BA18: =ROUND(SUM(AS18,AW18),0) -> 7 | BB18: 5 | BC18: =ROUND(AT18+AX18,0) -> 26 | BD18: =ROUND(SUM(AY18:BC18),0) -> 63 | BE18: =ROUND(BD18/2,0) -> 32 | BF18: 3 | BO18: A | BP18: A | BQ18: =J18+R18+Z18+AH18+AP18+BF18 -> 3 | BR18: =ROUND(I18+Q18+Y18+AG18+AO18+BE18,0) -> 253 | BS18: =BR18/6 -> 42.166667 | BT18: PROMOTED
A19: 14 | B19: ATHARV BHONDVE | C19: 9 | D19: 28 | E19: 18 | F19: 18 | G19: 51 | H19: =ROUND(SUM(C19:G19),0) -> 124 | I19: =ROUND(H19/2,0) -> 62 | K19: 7 | L19: 23 | M19: 10 | N19: 12 | O19: 29 | P19: =ROUND(SUM(K19:O19),0) -> 81 | Q19: =ROUND(P19/2,0) -> 41 | S19: 17 | T19: 42 | U19: 20 | V19: 19 | W19: 51 | X19: =ROUND(SUM(S19:W19),0) -> 149 | Y19: =ROUND(X19/2,0) -> 75 | AA19: 16 | AB19: 14 | AC19: 16 | AD19: 17 | AE19: 20 | AF19: =ROUND(SUM(AA19:AE19),0) -> 83 | AG19: =ROUND(AF19/2,0) -> 42 | AI19: 14 | AJ19: 34 | AK19: 12 | AL19: 19 | AM19: 45 | AN19: =ROUND(SUM(AI19:AM19),0) -> 124 | AO19: =ROUND(AN19/2,0) -> 62 | AQ19: 9 | AR19: 9 | AS19: 5 | AT19: 4 | AU19: 9 | AV19: 18.5 | AW19: 8.5 | AX19: 22 | AY19: =ROUND(SUM(AQ19,AU19),0) -> 18 | AZ19: =ROUND(SUM(AR19,AV19),0) -> 28 | BA19: =ROUND(SUM(AS19,AW19),0) -> 14 | BB19: 14 | BC19: =ROUND(AT19+AX19,0) -> 26 | BD19: =ROUND(SUM(AY19:BC19),0) -> 100 | BE19: =ROUND(BD19/2,0) -> 50 | BO19: A | BP19: A | BQ19: =J19+R19+Z19+AH19+AP19+BF19 -> 0 | BR19: =ROUND(I19+Q19+Y19+AG19+AO19+BE19,0) -> 332 | BS19: =BR19/6 -> 55.333333 | BT19: =IF(BS19>=75,"GRADE I with Distinction",IF(BS19>=60,"GRADE I",IF(BS19>=45,"GRADE II",IF(BS19>=35,"PASS","FAIL")))) -> GRADE II
A20: 15 | B20: ATHARVA RAJESH IYER | C20: 10 | D20: 25 | E20: 15 | F20: 15 | G20: 47 | H20: =ROUND(SUM(C20:G20),0) -> 112 | I20: =ROUND(H20/2,0) -> 56 | K20: 2 | L20: 12 | M20: 6 | N20: 12 | O20: 26 | P20: =ROUND(SUM(K20:O20),0) -> 58 | Q20: =ROUND(P20/2,0) -> 29 | R20: 6 | S20: 15 | T20: 33 | U20: 14 | V20: 16 | W20: 62 | X20: =ROUND(SUM(S20:W20),0) -> 140 | Y20: =ROUND(X20/2,0) -> 70 | AA20: 19 | AB20: 19 | AC20: 9 | AD20: 16 | AE20: 22 | AF20: =ROUND(SUM(AA20:AE20),0) -> 85 | AG20: =ROUND(AF20/2,0) -> 43 | AI20: 11 | AJ20: 31 | AK20: 9 | AL20: 18 | AM20: 44 | AN20: =ROUND(SUM(AI20:AM20),0) -> 113 | AO20: =ROUND(AN20/2,0) -> 57 | AQ20: 6 | AR20: 14 | AS20: 6 | AT20: 10 | AU20: 5.5 | AV20: 11.5 | AW20: 4.5 | AX20: 18 | AY20: =ROUND(SUM(AQ20,AU20),0) -> 12 | AZ20: =ROUND(SUM(AR20,AV20),0) -> 26 | BA20: =ROUND(SUM(AS20,AW20),0) -> 11 | BB20: 0 | BC20: =ROUND(AT20+AX20,0) -> 28 | BD20: =ROUND(SUM(AY20:BC20),0) -> 77 | BE20: =ROUND(BD20/2,0) -> 39 | BO20: A | BP20: A | BQ20: =J20+R20+Z20+AH20+AP20+BF20 -> 6 | BR20: =ROUND(I20+Q20+Y20+AG20+AO20+BE20,0) -> 294 | BS20: =BR20/6 -> 49 | BT20: PROMOTED
A21: 16 | B21: B AAKASH ACHARI | C21: 8 | D21: 19 | E21: 10 | F21: 17 | G21: 37 | H21: =ROUND(SUM(C21:G21),0) -> 91 | I21: =ROUND(H21/2,0) -> 46 | K21: 4 | L21: 21 | M21: 11 | N21: 14 | O21: 30 | P21: =ROUND(SUM(K21:O21),0) -> 80 | Q21: =ROUND(P21/2,0) -> 40 | S21: 14 | T21: 29 | U21: 13 | V21: 19 | W21: 36 | X21: =ROUND(SUM(S21:W21),0) -> 111 | Y21: =ROUND(X21/2,0) -> 56 | AA21: 12 | AB21: 12 | AC21: 8 | AD21: 10 | AE21: 13 | AF21: =ROUND(SUM(AA21:AE21),0) -> 55 | AG21: =ROUND(AF21/2,0) -> 28 | AH21: 7 | AI21: 13 | AJ21: 25 | AK21: 7 | AL21: 17 | AM21: 28 | AN21: =ROUND(SUM(AI21:AM21),0) -> 90 | AO21: =ROUND(AN21/2,0) -> 45 | AQ21: 7.5 | AR21: 11 | AS21: 4 | AT21: 12 | AU21: 7 | AV21: 10.5 | AW21: 3.5 | AX21: 14 | AY21: =ROUND(SUM(AQ21,AU21),0) -> 15 | AZ21: =ROUND(SUM(AR21,AV21),0) -> 22 | BA21: =ROUND(SUM(AS21,AW21),0) -> 8 | BB21: 5 | BC21: =ROUND(AT21+AX21,0) -> 26 | BD21: =ROUND(SUM(AY21:BC21),0) -> 76 | BE21: =ROUND(BD21/2,0) -> 38 | BO21: A | BP21: B | BQ21: =J21+R21+Z21+AH21+AP21+BF21 -> 7 | BR21: =ROUND(I21+Q21+Y21+AG21+AO21+BE21,0) -> 253 | BS21: =BR21/6 -> 42.166667 | BT21: PROMOTED
A22: 17 | B22: BELCHADA SOWMYA KAMALAKSHA | C22: 11 | D22: 20 | E22: 11 | F22: 14 | G22: 51 | H22: =ROUND(SUM(C22:G22),0) -> 107 | I22: =ROUND(H22/2,0) -> 54 | K22: 12 | L22: 28 | M22: 14 | N22: 13 | O22: 40 | P22: =ROUND(SUM(K22:O22),0) -> 107 | Q22: =ROUND(P22/2,0) -> 54 | S22: 11 | T22: 31 | U22: 17 | V22: 15 | W22: 52 | X22: =ROUND(SUM(S22:W22),0) -> 126 | Y22: =ROUND(X22/2,0) -> 63 | AA22: 12 | AB22: 12 | AC22: 12 | AD22: 13 | AE22: 32 | AF22: =ROUND(SUM(AA22:AE22),0) -> 81 | AG22: =ROUND(AF22/2,0) -> 41 | AI22: 10 | AJ22: 25 | AK22: 12 | AL22: 18 | AM22: 49 | AN22: =ROUND(SUM(AI22:AM22),0) -> 114 | AO22: =ROUND(AN22/2,0) -> 57 | AQ22: 6 | AR22: 2 | AS22: 4 | AT22: 14 | AU22: 6 | AV22: 8 | AW22: 2 | AX22: 14 | AY22: =ROUND(SUM(AQ22,AU22),0) -> 12 | AZ22: =ROUND(SUM(AR22,AV22),0) -> 10 | BA22: =ROUND(SUM(AS22,AW22),0) -> 6 | BB22: 10 | BC22: =ROUND(AT22+AX22,0) -> 28 | BD22: =ROUND(SUM(AY22:BC22),0) -> 66 | BE22: =ROUND(BD22/2,0) -> 33 | BF22: 2 | BO22: A | BP22: A | BQ22: =J22+R22+Z22+AH22+AP22+BF22 -> 2 | BR22: =ROUND(I22+Q22+Y22+AG22+AO22+BE22,0) -> 302 | BS22: =BR22/6 -> 50.333333 | BT22: PROMOTED
A23: 18 | B23: BHOIR KUSHAL SACHIN | C23: 8 | D23: 14 | E23: 6 | F23: 14 | G23: 36 | H23: =ROUND(SUM(C23:G23),0) -> 78 | I23: =ROUND(H23/2,0) -> 39 | K23: 10 | L23: 18 | M23: 12 | N23: 13 | O23: 32 | P23: =ROUND(SUM(K23:O23),0) -> 85 | Q23: =ROUND(P23/2,0) -> 43 | S23: 11 | T23: 26 | U23: 10 | V23: 15 | W23: 35 | X23: =ROUND(SUM(S23:W23),0) -> 97 | Y23: =ROUND(X23/2,0) -> 49 | AA23: 9 | AB23: 12 | AC23: 10 | AD23: 15 | AE23: 19 | AF23: =ROUND(SUM(AA23:AE23),0) -> 65 | AG23: =ROUND(AF23/2,0) -> 33 | AH23: 2 | AI23: 10 | AJ23: 19 | AK23: 10 | AL23: 17 | AM23: 38 | AN23: =ROUND(SUM(AI23:AM23),0) -> 94 | AO23: =ROUND(AN23/2,0) -> 47 | AQ23: 7.5 | AR23: 1 | AS23: 4 | AT23: 13 | AU23: 4 | AV23: 10 | AW23: 2.5 | AX23: 7 | AY23: =ROUND(SUM(AQ23,AU23),0) -> 12 | AZ23: =ROUND(SUM(AR23,AV23),0) -> 11 | BA23: =ROUND(SUM(AS23,AW23),0) -> 7 | BB23: 15 | BC23: =ROUND(AT23+AX23,0) -> 20 | BD23: =ROUND(SUM(AY23:BC23),0) -> 65 | BE23: =ROUND(BD23/2,0) -> 33 | BF23: 2 | BO23: A | BP23: A | BQ23: =J23+R23+Z23+AH23+AP23+BF23 -> 4 | BR23: =ROUND(I23+Q23+Y23+AG23+AO23+BE23,0) -> 244 | BS23: =BR23/6 -> 40.666667 | BT23: PROMOTED
A24: 19 | B24: DANIEL AAYAN JOHNMILLER | C24: 8 | D24: 15 | E24: 10 | F24: 13 | G24: 42 | H24: =ROUND(SUM(C24:G24),0) -> 88 | I24: =ROUND(H24/2,0) -> 44 | K24: 8 | L24: 22 | M24: 12 | N24: 14 | O24: 42 | P24: =ROUND(SUM(K24:O24),0) -> 98 | Q24: =ROUND(P24/2,0) -> 49 | S24: 7 | T24: 19 | U24: 9 | V24: 13 | W24: 36 | X24: =ROUND(SUM(S24:W24),0) -> 84 | Y24: =ROUND(X24/2,0) -> 42 | AA24: 12 | AB24: 11 | AC24: 7 | AD24: 14 | AE24: 17 | AF24: =ROUND(SUM(AA24:AE24),0) -> 61 | AG24: =ROUND(AF24/2,0) -> 31 | AH24: 4 | AI24: 10 | AJ24: 18 | AK24: 7 | AL24: 14 | AM24: 40 | AN24: =ROUND(SUM(AI24:AM24),0) -> 89 | AO24: =ROUND(AN24/2,0) -> 45 | AQ24: 1 | AR24: 2 | AS24: 2 | AT24: 18 | AU24: 3 | AV24: 3 | AW24: 1 | AX24: 10 | AY24: =ROUND(SUM(AQ24,AU24),0) -> 4 | AZ24: =ROUND(SUM(AR24,AV24),0) -> 5 | BA24: =ROUND(SUM(AS24,AW24),0) -> 3 | BB24: 9 | BC24: =ROUND(AT24+AX24,0) -> 28 | BD24: =ROUND(SUM(AY24:BC24),0) -> 49 | BE24: =ROUND(BD24/2,0) -> 25 | BF24: 10 | BO24: A | BP24: B | BQ24: =J24+R24+Z24+AH24+AP24+BF24 -> 14 | BR24: =ROUND(I24+Q24+Y24+AG24+AO24+BE24,0) -> 236 | BS24: =BR24/6 -> 39.333333 | BT24: PROMOTED
A25: 20 | B25: DEVADIGA SHREYA ASHOK | C25: 11 | D25: 33 | E25: 17 | F25: 17 | G25: 61 | H25: =ROUND(SUM(C25:G25),0) -> 139 | I25: =ROUND(H25/2,0) -> 70 | K25: 10 | L25: 30 | M25: 15 | N25: 13 | O25: 48 | P25: =ROUND(SUM(K25:O25),0) -> 116 | Q25: =ROUND(P25/2,0) -> 58 | S25: 22 | T25: 41 | U25: 14 | V25: 16 | W25: 53 | X25: =ROUND(SUM(S25:W25),0) -> 146 | Y25: =ROUND(X25/2,0) -> 73 | AA25: 22 | AB25: 26 | AC25: 10 | AD25: 18 | AE25: 50 | AF25: =ROUND(SUM(AA25:AE25),0) -> 126 | AG25: =ROUND(AF25/2,0) -> 63 | AI25: 17 | AJ25: 38 | AK25: 13 | AL25: 19 | AM25: 51 | AN25: =ROUND(SUM(AI25:AM25),0) -> 138 | AO25: =ROUND(AN25/2,0) -> 69 | AQ25: 7 | AR25: 9.5 | AS25: 5.5 | AT25: 18 | AU25: 6 | AV25: 9 | AW25: 3 | AX25: 20 | AY25: =ROUND(SUM(AQ25,AU25),0) -> 13 | AZ25: =ROUND(SUM(AR25,AV25),0) -> 19 | BA25: =ROUND(SUM(AS25,AW25),0) -> 9 | BB25: 13 | BC25: =ROUND(AT25+AX25,0) -> 38 | BD25: =ROUND(SUM(AY25:BC25),0) -> 92 | BE25: =ROUND(BD25/2,0) -> 46 | BO25: A | BP25: A | BQ25: =J25+R25+Z25+AH25+AP25+BF25 -> 0 | BR25: =ROUND(I25+Q25+Y25+AG25+AO25+BE25,0) -> 379 | BS25: =BR25/6 -> 63.166667 | BT25: =IF(BS25>=75,"GRADE I with Distinction",IF(BS25>=60,"GRADE I",IF(BS25>=45,"GRADE II",IF(BS25>=35,"PASS","FAIL")))) -> GRADE I
A26: 21 | B26: DHEIRYA HITEN LAHERU | C26: 9 | D26: 23 | E26: 15 | F26: 17 | G26: 47 | H26: =ROUND(SUM(C26:G26),0) -> 111 | I26: =ROUND(H26/2,0) -> 56 | K26: 10 | L26: 28 | M26: 12 | N26: 14 | O26: 49 | P26: =ROUND(SUM(K26:O26),0) -> 113 | Q26: =ROUND(P26/2,0) -> 57 | S26: 14 | T26: 41 | U26: 15 | V26: 14 | W26: 50 | X26: =ROUND(SUM(S26:W26),0) -> 134 | Y26: =ROUND(X26/2,0) -> 67 | AA26: 11 | AB26: 7 | AC26: 6 | AD26: 12 | AE26: 27 | AF26: =ROUND(SUM(AA26:AE26),0) -> 63 | AG26: =ROUND(AF26/2,0) -> 32 | AH26: 3 | AI26: 14 | AJ26: 26 | AK26: 9 | AL26: 17 | AM26: 47 | AN26: =ROUND(SUM(AI26:AM26),0) -> 113 | AO26: =ROUND(AN26/2,0) -> 57 | AS26: SP | AW26: SP | BA26: =ROUND(SUM(AS26,AW26),0) -> 0 | BC26: =ROUND(AT26+AX26,0) -> 0 | BD26: =ROUND(SUM(AY26:BC26),0) -> 0 | BE26: =ROUND(BD26/2,0) -> 0 | BG26: 11 | BH26: 9 | BI26: 9 | BJ26: 10 | BK26: 54 | BL26: =SUM(BG26:BK26) -> 93 | BM26: =ROUND(93/2,0) -> 47 | BO26: A | BP26: A | BQ26: =J26+R26+Z26+AH26+AP26+BF26 -> 3 | BR26: =ROUND(I26+Q26+Y26+AG26+AO26+BE26,0) -> 269 | BS26: =BR26/6 -> 44.833333 | BT26: PROMOTED
A27: 22 | B27: DHOTRE KALPATARU BHIMAYYA | C27: 1 | D27: 4 | E27: 2 | F27: 20 | G27: 34 | H27: =ROUND(SUM(C27:G27),0) -> 61 | I27: =ROUND(H27/2,0) -> 31 | J27: 4 | K27: 4 | L27: 8 | M27: 5 | N27: 19 | O27: 29 | P27: =ROUND(SUM(K27:O27),0) -> 65 | Q27: =ROUND(P27/2,0) -> 33 | R27: 2 | S27: 7 | T27: 12 | U27: 2 | V27: 19 | W27: 29 | X27: =ROUND(SUM(S27:W27),0) -> 69 | Y27: =ROUND(X27/2,0) -> 35 | AA27: 9 | AB27: 12 | AC27: 4 | AD27: 17 | AE27: 18 | AF27: =ROUND(SUM(AA27:AE27),0) -> 60 | AG27: =ROUND(AF27/2,0) -> 30 | AH27: 5 | AI27: 2 | AJ27: 10 | AK27: 6 | AL27: 18 | AM27: 34 | AN27: =ROUND(SUM(AI27:AM27),0) -> 70 | AO27: =ROUND(AN27/2,0) -> 35 | AQ27: 2 | AR27: 1 | AS27: 3.5 | AT27: 17 | AU27: 2 | AV27: 1 | AW27: 2.5 | AX27: 9 | AY27: =ROUND(SUM(AQ27,AU27),0) -> 4 | AZ27: =ROUND(SUM(AR27,AV27),0) -> 2 | BA27: =ROUND(SUM(AS27,AW27),0) -> 6 | BB27: 13 | BC27: =ROUND(AT27+AX27,0) -> 26 | BD27: =ROUND(SUM(AY27:BC27),0) -> 51 | BE27: =ROUND(BD27/2,0) -> 26 | BF27: 9 | BO27: B | BP27: B | BQ27: =J27+R27+Z27+AH27+AP27+BF27 -> 20 | BR27: =ROUND(I27+Q27+Y27+AG27+AO27+BE27,0) -> 190 | BS27: =BR27/6 -> 31.666667 | BT27: PROMOTED
A28: 23 | B28: DIVYA BOOPATHI MUDALIYAR | C28: 10 | D28: 23 | E28: 16 | F28: 13 | G28: 52 | H28: =ROUND(SUM(C28:G28),0) -> 114 | I28: =ROUND(H28/2,0) -> 57 | K28: 9 | L28: 25 | M28: 16 | N28: 15 | O28: 44 | P28: =ROUND(SUM(K28:O28),0) -> 109 | Q28: =ROUND(P28/2,0) -> 55 | S28: 18 | T28: 41 | U28: 17 | V28: 17 | W28: 46 | X28: =ROUND(SUM(S28:W28),0) -> 139 | Y28: =ROUND(X28/2,0) -> 70 | AA28: 14 | AB28: 20 | AC28: 9 | AD28: 12 | AE28: 46 | AF28: =ROUND(SUM(AA28:AE28),0) -> 101 | AG28: =ROUND(AF28/2,0) -> 51 | AI28: 19 | AJ28: 35 | AK28: 10 | AL28: 17 | AM28: 51 | AN28: =ROUND(SUM(AI28:AM28),0) -> 132 | AO28: =ROUND(AN28/2,0) -> 66 | AQ28: 6 | AR28: 8 | AS28: 3.5 | AT28: 23 | AU28: 4 | AV28: 11 | AW28: 8 | AX28: 13 | AY28: =ROUND(SUM(AQ28,AU28),0) -> 10 | AZ28: =ROUND(SUM(AR28,AV28),0) -> 19 | BA28: =ROUND(SUM(AS28,AW28),0) -> 12 | BB28: 6 | BC28: =ROUND(AT28+AX28,0) -> 36 | BD28: =ROUND(SUM(AY28:BC28),0) -> 83 | BE28: =ROUND(BD28/2,0) -> 42 | BO28: A | BP28: A | BQ28: =J28+R28+Z28+AH28+AP28+BF28 -> 0 | BR28: =ROUND(I28+Q28+Y28+AG28+AO28+BE28,0) -> 341 | BS28: =BR28/6 -> 56.833333 | BT28: =IF(BS28>=75,"GRADE I with Distinction",IF(BS28>=60,"GRADE I",IF(BS28>=45,"GRADE II",IF(BS28>=35,"PASS","FAIL")))) -> GRADE II
A29: 24 | B29: DIVYAL MHATRE | C29: 5 | D29: 8 | E29: 6 | F29: 18 | G29: 23 | H29: =ROUND(SUM(C29:G29),0) -> 60 | I29: =ROUND(H29/2,0) -> 30 | J29: 5 | K29: 8 | L29: 15 | M29: 10 | N29: 13 | O29: 25 | P29: =ROUND(SUM(K29:O29),0) -> 71 | Q29: =ROUND(P29/2,0) -> 36 | S29: 9 | T29: 13 | U29: 6 | V29: 13 | W29: 36 | X29: =ROUND(SUM(S29:W29),0) -> 77 | Y29: =ROUND(X29/2,0) -> 39 | AA29: 7 | AB29: 14 | AC29: 6 | AD29: 11 | AE29: 31 | AF29: =ROUND(SUM(AA29:AE29),0) -> 69 | AG29: =ROUND(AF29/2,0) -> 35 | AI29: 7 | AJ29: 9 | AK29: 6 | AL29: 17 | AM29: 30 | AN29: =ROUND(SUM(AI29:AM29),0) -> 69 | AO29: =ROUND(AN29/2,0) -> 35 | AQ29: 2 | AR29: 3 | AS29: 3 | AT29: 11 | AU29: 6 | AV29: 4 | AW29: 2 | AX29: 10 | AY29: =ROUND(SUM(AQ29,AU29),0) -> 8 | AZ29: =ROUND(SUM(AR29,AV29),0) -> 7 | BA29: =ROUND(SUM(AS29,AW29),0) -> 5 | BB29: 8 | BC29: =ROUND(AT29+AX29,0) -> 21 | BD29: =ROUND(SUM(AY29:BC29),0) -> 49 | BE29: =ROUND(BD29/2,0) -> 25 | BF29: 10 | BO29: A | BP29: B | BQ29: =J29+R29+Z29+AH29+AP29+BF29 -> 15 | BR29: =ROUND(I29+Q29+Y29+AG29+AO29+BE29,0) -> 200 | BS29: =BR29/6 -> 33.333333 | BT29: PROMOTED
A30: 25 | B30: DUDUKE AHMED IMRAN | C30: 7 | D30: 12 | E30: 13 | F30: 14 | G30: 45 | H30: =ROUND(SUM(C30:G30),0) -> 91 | I30: =ROUND(H30/2,0) -> 46 | K30: 10 | L30: 24 | M30: 13 | N30: 14 | O30: 31 | P30: =ROUND(SUM(K30:O30),0) -> 92 | Q30: =ROUND(P30/2,0) -> 46 | S30: 7 | T30: 22 | U30: 14 | V30: 14 | W30: 43 | X30: =ROUND(SUM(S30:W30),0) -> 100 | Y30: =ROUND(X30/2,0) -> 50 | AA30: 9 | AB30: 21 | AC30: 9 | AD30: 13 | AE30: 38 | AF30: =ROUND(SUM(AA30:AE30),0) -> 90 | AG30: =ROUND(AF30/2,0) -> 45 | AI30: 4 | AJ30: 30 | AK30: 9 | AL30: 14 | AM30: 36 | AN30: =ROUND(SUM(AI30:AM30),0) -> 93 | AO30: =ROUND(AN30/2,0) -> 47 | AQ30: 2 | AR30: 5.5 | AS30: 4.5 | AT30: 17 | AU30: 8 | AV30: 7 | AW30: 7 | AX30: 13 | AY30: =ROUND(SUM(AQ30,AU30),0) -> 10 | AZ30: =ROUND(SUM(AR30,AV30),0) -> 13 | BA30: =ROUND(SUM(AS30,AW30),0) -> 12 | BB30: 8 | BC30: =ROUND(AT30+AX30,0) -> 30 | BD30: =ROUND(SUM(AY30:BC30),0) -> 73 | BE30: =ROUND(BD30/2,0) -> 37 | BO30: B | BP30: B | BQ30: =J30+R30+Z30+AH30+AP30+BF30 -> 0 | BR30: =ROUND(I30+Q30+Y30+AG30+AO30+BE30,0) -> 271 | BS30: =BR30/6 -> 45.166667 | BT30: =IF(BS30>=75,"GRADE I with Distinction",IF(BS30>=60,"GRADE I",IF(BS30>=45,"GRADE II",IF(BS30>=35,"PASS","FAIL")))) -> GRADE II
A31: 26 | B31: ESSAI AARAV SUNIL | C31: 8 | D31: 14 | E31: 8 | F31: 12 | G31: 44 | H31: =ROUND(SUM(C31:G31),0) -> 86 | I31: =ROUND(H31/2,0) -> 43 | K31: 16 | L31: 27 | M31: 11 | N31: 14 | O31: 39 | P31: =ROUND(SUM(K31:O31),0) -> 107 | Q31: =ROUND(P31/2,0) -> 54 | S31: 8 | T31: 15 | U31: 7 | V31: 15 | W31: 32 | X31: =ROUND(SUM(S31:W31),0) -> 77 | Y31: =ROUND(X31/2,0) -> 39 | AA31: 9 | AB31: 17 | AC31: 8 | AD31: 11 | AE31: 22 | AF31: =ROUND(SUM(AA31:AE31),0) -> 67 | AG31: =ROUND(AF31/2,0) -> 34 | AH31: 1 | AI31: 4 | AJ31: 17 | AK31: 3 | AL31: 12 | AM31: 25 | AN31: =ROUND(SUM(AI31:AM31),0) -> 61 | AO31: =ROUND(AN31/2,0) -> 31 | AP31: 4 | AQ31: 1 | AR31: 1 | AS31: 2 | AT31: 18 | AU31: 2 | AV31: 3.5 | AW31: 1 | AX31: 13 | AY31: =ROUND(SUM(AQ31,AU31),0) -> 3 | AZ31: =ROUND(SUM(AR31,AV31),0) -> 5 | BA31: =ROUND(SUM(AS31,AW31),0) -> 3 | BB31: 7 | BC31: =ROUND(AT31+AX31,0) -> 31 | BD31: =ROUND(SUM(AY31:BC31),0) -> 49 | BE31: =ROUND(BD31/2,0) -> 25 | BF31: 10 | BO31: B | BP31: B | BQ31: =J31+R31+Z31+AH31+AP31+BF31 -> 15 | BR31: =ROUND(I31+Q31+Y31+AG31+AO31+BE31,0) -> 226 | BS31: =BR31/6 -> 37.666667 | BT31: PROMOTED
A32: 27 | B32: GAONKAR VAIDEHI VIJAYDATTA | C32: 10 | D32: 22 | E32: 15 | F32: 16 | G32: 41 | H32: =ROUND(SUM(C32:G32),0) -> 104 | I32: =ROUND(H32/2,0) -> 52 | K32: 12 | L32: 27 | M32: 15 | N32: 14 | O32: 49 | P32: =ROUND(SUM(K32:O32),0) -> 117 | Q32: =ROUND(P32/2,0) -> 59 | S32: 20 | T32: 46 | U32: 16 | V32: 16 | W32: 62 | X32: =ROUND(SUM(S32:W32),0) -> 160 | Y32: =ROUND(X32/2,0) -> 80 | AA32: 15 | AB32: 24 | AC32: 9 | AD32: 17 | AE32: 48 | AF32: =ROUND(SUM(AA32:AE32),0) -> 113 | AG32: =ROUND(AF32/2,0) -> 57 | AI32: 14 | AJ32: 37 | AK32: 10 | AL32: 20 | AM32: 52 | AN32: =ROUND(SUM(AI32:AM32),0) -> 133 | AO32: =ROUND(AN32/2,0) -> 67 | AQ32: 9 | AR32: 12.5 | AS32: 5 | AT32: 18 | AU32: 10 | AV32: 13 | AW32: 5 | AX32: 19 | AY32: =ROUND(SUM(AQ32,AU32),0) -> 19 | AZ32: =ROUND(SUM(AR32,AV32),0) -> 26 | BA32: =ROUND(SUM(AS32,AW32),0) -> 10 | BB32: 15 | BC32: =ROUND(AT32+AX32,0) -> 37 | BD32: =ROUND(SUM(AY32:BC32),0) -> 107 | BE32: =ROUND(BD32/2,0) -> 54 | BO32: A | BP32: A | BQ32: =J32+R32+Z32+AH32+AP32+BF32 -> 0 | BR32: =ROUND(I32+Q32+Y32+AG32+AO32+BE32,0) -> 369 | BS32: =BR32/6 -> 61.5 | BT32: =IF(BS32>=75,"GRADE I with Distinction",IF(BS32>=60,"GRADE I",IF(BS32>=45,"GRADE II",IF(BS32>=35,"PASS","FAIL")))) -> GRADE I
A33: 28 | B33: GHARAT PRIYAL SAMIR | C33: 11 | D33: 21 | E33: 14 | F33: 18 | G33: 51 | H33: =ROUND(SUM(C33:G33),0) -> 115 | I33: =ROUND(H33/2,0) -> 58 | K33: 15 | L33: 26 | M33: 15 | N33: 15 | O33: 52 | P33: =ROUND(SUM(K33:O33),0) -> 123 | Q33: =ROUND(P33/2,0) -> 62 | S33: 23 | T33: 44 | U33: 20 | V33: 16 | W33: 57 | X33: =ROUND(SUM(S33:W33),0) -> 160 | Y33: =ROUND(X33/2,0) -> 80 | AA33: 12 | AB33: 22 | AC33: 11 | AD33: 16 | AE33: 35 | AF33: =ROUND(SUM(AA33:AE33),0) -> 96 | AG33: =ROUND(AF33/2,0) -> 48 | AI33: 20 | AJ33: 38 | AK33: 18 | AL33: 17 | AM33: 55 | AN33: =ROUND(SUM(AI33:AM33),0) -> 148 | AO33: =ROUND(AN33/2,0) -> 74 | AQ33: 5.5 | AR33: 4 | AS33: 3 | AT33: 0 | AU33: 4 | AV33: 7 | AW33: 4 | AX33: 12 | AY33: =ROUND(SUM(AQ33,AU33),0) -> 10 | AZ33: =ROUND(SUM(AR33,AV33),0) -> 11 | BA33: =ROUND(SUM(AS33,AW33),0) -> 7 | BB33: 9 | BC33: =ROUND(AT33+AX33,0) -> 12 | BD33: =ROUND(SUM(AY33:BC33),0) -> 49 | BE33: =ROUND(BD33/2,0) -> 25 | BF33: 10 | BO33: A | BP33: A | BQ33: =J33+R33+Z33+AH33+AP33+BF33 -> 10 | BR33: =ROUND(I33+Q33+Y33+AG33+AO33+BE33,0) -> 347 | BS33: =BR33/6 -> 57.833333 | BT33: PROMOTED
A34: 29 | B34: GOTE VEDANT RAMLING | C34: 3 | D34: 14 | E34: 11 | F34: 12 | G34: 37 | H34: =ROUND(SUM(C34:G34),0) -> 77 | I34: =ROUND(H34/2,0) -> 39 | K34: 13 | L34: 22 | M34: 14 | N34: 13 | O34: 39 | P34: =ROUND(SUM(K34:O34),0) -> 101 | Q34: =ROUND(P34/2,0) -> 51 | S34: 21 | T34: 35 | U34: 18 | V34: 17 | W34: 46 | X34: =ROUND(SUM(S34:W34),0) -> 137 | Y34: =ROUND(X34/2,0) -> 69 | AA34: 24 | AB34: 26 | AC34: 13 | AD34: 18 | AE34: 51 | AF34: =ROUND(SUM(AA34:AE34),0) -> 132 | AG34: =ROUND(AF34/2,0) -> 66 | AI34: 18 | AJ34: 40 | AK34: 14 | AL34: 15 | AM34: 42 | AN34: =ROUND(SUM(AI34:AM34),0) -> 129 | AO34: =ROUND(AN34/2,0) -> 65 | AQ34: 9 | AR34: 5 | AS34: 5 | AT34: 0 | AU34: 8 | AV34: 11 | AW34: 8.5 | AX34: 10 | AY34: =ROUND(SUM(AQ34,AU34),0) -> 17 | AZ34: =ROUND(SUM(AR34,AV34),0) -> 16 | BA34: =ROUND(SUM(AS34,AW34),0) -> 14 | BB34: 10 | BC34: =ROUND(AT34+AX34,0) -> 10 | BD34: =ROUND(SUM(AY34:BC34),0) -> 67 | BE34: =ROUND(BD34/2,0) -> 34 | BF34: 1 | BO34: A | BP34: A | BQ34: =J34+R34+Z34+AH34+AP34+BF34 -> 1 | BR34: =ROUND(I34+Q34+Y34+AG34+AO34+BE34,0) -> 324 | BS34: =BR34/6 -> 54 | BT34: PROMOTED
A35: 30 | B35: HANEHALLI ADITYA DEEPAK | C35: 7 | D35: 18 | E35: 13 | F35: 16 | G35: 37 | H35: =ROUND(SUM(C35:G35),0) -> 91 | I35: =ROUND(H35/2,0) -> 46 | K35: 11 | L35: 18 | M35: 10 | N35: 13 | O35: 21 | P35: =ROUND(SUM(K35:O35),0) -> 73 | Q35: =ROUND(P35/2,0) -> 37 | S35: 7 | T35: 14 | U35: 8 | V35: 12 | W35: 25 | X35: =ROUND(SUM(S35:W35),0) -> 66 | Y35: =ROUND(X35/2,0) -> 33 | Z35: 2 | AA35: 20 | AB35: 8 | AC35: 11 | AD35: 13 | AE35: 14 | AF35: =ROUND(SUM(AA35:AE35),0) -> 66 | AG35: =ROUND(AF35/2,0) -> 33 | AH35: 2 | AI35: 11 | AJ35: 10 | AK35: 7 | AL35: 15 | AM35: 28 | AN35: =ROUND(SUM(AI35:AM35),0) -> 71 | AO35: =ROUND(AN35/2,0) -> 36 | AQ35: 3 | AR35: 3 | AS35: 5 | AT35: 13 | AU35: 6 | AV35: 1 | AW35: 2 | AX35: 11 | AY35: =ROUND(SUM(AQ35,AU35),0) -> 9 | AZ35: =ROUND(SUM(AR35,AV35),0) -> 4 | BA35: =ROUND(SUM(AS35,AW35),0) -> 7 | BB35: 5 | BC35: =ROUND(AT35+AX35,0) -> 24 | BD35: =ROUND(SUM(AY35:BC35),0) -> 49 | BE35: =ROUND(BD35/2,0) -> 25 | BF35: 10 | BO35: A | BP35: B | BQ35: =J35+R35+Z35+AH35+AP35+BF35 -> 14 | BR35: =ROUND(I35+Q35+Y35+AG35+AO35+BE35,0) -> 210 | BS35: =BR35/6 -> 35 | BT35: PROMOTED
A36: 31 | B36: JAGE VEDANT SANDEEP | C36: 7 | D36: 26 | E36: 13 | F36: 18 | G36: 47 | H36: =ROUND(SUM(C36:G36),0) -> 111 | I36: =ROUND(H36/2,0) -> 56 | K36: 13 | L36: 31 | M36: 16 | N36: 14 | O36: 45 | P36: =ROUND(SUM(K36:O36),0) -> 119 | Q36: =ROUND(P36/2,0) -> 60 | S36: 15 | T36: 39 | U36: 17 | V36: 17 | W36: 58 | X36: =ROUND(SUM(S36:W36),0) -> 146 | Y36: =ROUND(X36/2,0) -> 73 | AA36: 19 | AB36: 42 | AC36: 11 | AD36: 18 | AE36: 57 | AF36: =ROUND(SUM(AA36:AE36),0) -> 147 | AG36: =ROUND(AF36/2,0) -> 74 | AI36: 19 | AJ36: 30 | AK36: 10 | AL36: 17 | AM36: 42 | AN36: =ROUND(SUM(AI36:AM36),0) -> 118 | AO36: =ROUND(AN36/2,0) -> 59 | AQ36: 13 | AR36: 20 | AS36: 7 | AT36: 23 | AU36: 5 | AV36: 23 | AW36: 9.5 | AX36: 32 | AY36: =ROUND(SUM(AQ36,AU36),0) -> 18 | AZ36: =ROUND(SUM(AR36,AV36),0) -> 43 | BA36: =ROUND(SUM(AS36,AW36),0) -> 17 | BB36: 13 | BC36: =ROUND(AT36+AX36,0) -> 55 | BD36: =ROUND(SUM(AY36:BC36),0) -> 146 | BE36: =ROUND(BD36/2,0) -> 73 | BO36: A | BP36: B | BQ36: =J36+R36+Z36+AH36+AP36+BF36 -> 0 | BR36: =ROUND(I36+Q36+Y36+AG36+AO36+BE36,0) -> 395 | BS36: =BR36/6 -> 65.833333 | BT36: =IF(BS36>=75,"GRADE I with Distinction",IF(BS36>=60,"GRADE I",IF(BS36>=45,"GRADE II",IF(BS36>=35,"PASS","FAIL")))) -> GRADE I
A37: 32 | B37: JAGRUTI PRAFUL GAIKWAD | C37: 7 | D37: 17 | E37: 10 | F37: 17 | G37: 45 | H37: =ROUND(SUM(C37:G37),0) -> 96 | I37: =ROUND(H37/2,0) -> 48 | K37: 11 | L37: 30 | M37: 12 | N37: 13 | O37: 32 | P37: =ROUND(SUM(K37:O37),0) -> 98 | Q37: =ROUND(P37/2,0) -> 49 | S37: 17 | T37: 30 | U37: 4 | V37: 14 | W37: 41 | X37: =ROUND(SUM(S37:W37),0) -> 106 | Y37: =ROUND(X37/2,0) -> 53 | AA37: 13 | AB37: 12 | AC37: 6 | AD37: 11 | AE37: 19 | AF37: =ROUND(SUM(AA37:AE37),0) -> 61 | AG37: =ROUND(AF37/2,0) -> 31 | AH37: 4 | AI37: 11 | AJ37: 26 | AK37: 9 | AL37: 16 | AM37: 45 | AN37: =ROUND(SUM(AI37:AM37),0) -> 107 | AO37: =ROUND(AN37/2,0) -> 54 | AQ37: 8 | AR37: 4 | AS37: 4 | AT37: 12 | AU37: 7 | AV37: 5.5 | AW37: 5 | AX37: 16 | AY37: =ROUND(SUM(AQ37,AU37),0) -> 15 | AZ37: =ROUND(SUM(AR37,AV37),0) -> 10 | BA37: =ROUND(SUM(AS37,AW37),0) -> 9 | BB37: 9 | BC37: =ROUND(AT37+AX37,0) -> 28 | BD37: =ROUND(SUM(AY37:BC37),0) -> 71 | BE37: =ROUND(BD37/2,0) -> 36 | BO37: B | BP37: B | BQ37: =J37+R37+Z37+AH37+AP37+BF37 -> 4 | BR37: =ROUND(I37+Q37+Y37+AG37+AO37+BE37,0) -> 271 | BS37: =BR37/6 -> 45.166667 | BT37: PROMOTED
A38: 33 | B38: JAYA CHRISTINA ELISHA | C38: 9 | D38: 13 | E38: 10 | F38: 14 | G38: 39 | H38: =ROUND(SUM(C38:G38),0) -> 85 | I38: =ROUND(H38/2,0) -> 43 | K38: 11 | L38: 20 | M38: 9 | N38: 12 | O38: 42 | P38: =ROUND(SUM(K38:O38),0) -> 94 | Q38: =ROUND(P38/2,0) -> 47 | S38: 16 | T38: 20 | U38: 11 | V38: 18 | W38: 38 | X38: =ROUND(SUM(S38:W38),0) -> 103 | Y38: =ROUND(X38/2,0) -> 52 | AA38: 13 | AB38: 18 | AC38: 10 | AD38: 13 | AE38: 32 | AF38: =ROUND(SUM(AA38:AE38),0) -> 86 | AG38: =ROUND(AF38/2,0) -> 43 | AI38: 8 | AJ38: 25 | AK38: 10 | AL38: 13 | AM38: 37 | AN38: =ROUND(SUM(AI38:AM38),0) -> 93 | AO38: =ROUND(AN38/2,0) -> 47 | AQ38: 6 | AR38: 9.5 | AS38: 4 | AT38: 12 | AU38: 5.5 | AV38: 8 | AW38: 3.5 | AX38: 10 | AY38: =ROUND(SUM(AQ38,AU38),0) -> 12 | AZ38: =ROUND(SUM(AR38,AV38),0) -> 18 | BA38: =ROUND(SUM(AS38,AW38),0) -> 8 | BB38: 10 | BC38: =ROUND(AT38+AX38,0) -> 22 | BD38: =ROUND(SUM(AY38:BC38),0) -> 70 | BE38: =ROUND(BD38/2,0) -> 35 | BO38: A | BP38: A | BQ38: =J38+R38+Z38+AH38+AP38+BF38 -> 0 | BR38: =ROUND(I38+Q38+Y38+AG38+AO38+BE38,0) -> 267 | BS38: =BR38/6 -> 44.5 | BT38: =IF(BS38>=75,"GRADE I with Distinction",IF(BS38>=60,"GRADE I",IF(BS38>=45,"GRADE II",IF(BS38>=35,"PASS","FAIL")))) -> PASS
A39: 34 | B39: JOHN NEIL DAVID | C39: 9 | D39: 24 | E39: 8 | F39: 16 | G39: 41 | H39: =ROUND(SUM(C39:G39),0) -> 98 | I39: =ROUND(H39/2,0) -> 49 | K39: 11 | L39: 26 | M39: 13 | N39: 13 | O39: 42 | P39: =ROUND(SUM(K39:O39),0) -> 105 | Q39: =ROUND(P39/2,0) -> 53 | S39: 16 | T39: 33 | U39: 3 | V39: 13 | W39: 37 | X39: =ROUND(SUM(S39:W39),0) -> 102 | Y39: =ROUND(X39/2,0) -> 51 | AA39: 16 | AB39: 14 | AC39: 10 | AD39: 14 | AE39: 29 | AF39: =ROUND(SUM(AA39:AE39),0) -> 83 | AG39: =ROUND(AF39/2,0) -> 42 | AI39: 10 | AJ39: 19 | AK39: 8 | AL39: 17 | AM39: 29 | AN39: =ROUND(SUM(AI39:AM39),0) -> 83 | AO39: =ROUND(AN39/2,0) -> 42 | AQ39: 3 | AR39: 2 | AS39: 4.5 | AT39: 21 | AU39: 6 | AV39: 7.5 | AW39: 4.5 | AX39: 14 | AY39: =ROUND(SUM(AQ39,AU39),0) -> 9 | AZ39: =ROUND(SUM(AR39,AV39),0) -> 10 | BA39: =ROUND(SUM(AS39,AW39),0) -> 9 | BB39: 10 | BC39: =ROUND(AT39+AX39,0) -> 35 | BD39: =ROUND(SUM(AY39:BC39),0) -> 73 | BE39: =ROUND(BD39/2,0) -> 37 | BO39: A | BP39: B | BQ39: =J39+R39+Z39+AH39+AP39+BF39 -> 0 | BR39: =ROUND(I39+Q39+Y39+AG39+AO39+BE39,0) -> 274 | BS39: =BR39/6 -> 45.666667 | BT39: =IF(BS39>=75,"GRADE I with Distinction",IF(BS39>=60,"GRADE I",IF(BS39>=45,"GRADE II",IF(BS39>=35,"PASS","FAIL")))) -> GRADE II
A40: 35 | B40: KADAM ARYAN ANAND | C40: 6 | D40: 14 | E40: 3 | F40: 14 | G40: 34 | H40: =ROUND(SUM(C40:G40),0) -> 71 | I40: =ROUND(H40/2,0) -> 36 | K40: 16 | L40: 28 | M40: 16 | N40: 12 | O40: 42 | P40: =ROUND(SUM(K40:O40),0) -> 114 | Q40: =ROUND(P40/2,0) -> 57 | S40: 14 | T40: 19 | U40: 10 | V40: 14 | W40: 36 | X40: =ROUND(SUM(S40:W40),0) -> 93 | Y40: =ROUND(X40/2,0) -> 47 | AA40: 11 | AB40: 16 | AC40: 20 | AD40: 15 | AE40: 34 | AF40: =ROUND(SUM(AA40:AE40),0) -> 96 | AG40: =ROUND(AF40/2,0) -> 48 | AI40: 16 | AJ40: 13 | AK40: 12 | AL40: 14 | AM40: 22 | AN40: =ROUND(SUM(AI40:AM40),0) -> 77 | AO40: =ROUND(AN40/2,0) -> 39 | AQ40: 2 | AR40: 9 | AS40: 5 | AT40: 33 | AU40: 2 | AV40: 8 | AW40: 3 | AX40: 16 | AY40: =ROUND(SUM(AQ40,AU40),0) -> 4 | AZ40: =ROUND(SUM(AR40,AV40),0) -> 17 | BA40: =ROUND(SUM(AS40,AW40),0) -> 8 | BB40: 8 | BC40: =ROUND(AT40+AX40,0) -> 49 | BD40: =ROUND(SUM(AY40:BC40),0) -> 86 | BE40: =ROUND(BD40/2,0) -> 43 | BO40: A | BP40: B | BQ40: =J40+R40+Z40+AH40+AP40+BF40 -> 0 | BR40: =ROUND(I40+Q40+Y40+AG40+AO40+BE40,0) -> 270 | BS40: =BR40/6 -> 45 | BT40: =IF(BS40>=75,"GRADE I with Distinction",IF(BS40>=60,"GRADE I",IF(BS40>=45,"GRADE II",IF(BS40>=35,"PASS","FAIL")))) -> GRADE II
A41: 36 | B41: KANCHARLA JANANI SRAVANI SHANKAR | C41: 16 | D41: 24 | E41: 13 | F41: 14 | G41: 46 | H41: =ROUND(SUM(C41:G41),0) -> 113 | I41: =ROUND(H41/2,0) -> 57 | K41: 17 | L41: 29 | M41: 14 | N41: 13 | O41: 51 | P41: =ROUND(SUM(K41:O41),0) -> 124 | Q41: =ROUND(P41/2,0) -> 62 | S41: 17 | T41: 39 | U41: 20 | V41: 18 | W41: 59 | X41: =ROUND(SUM(S41:W41),0) -> 153 | Y41: =ROUND(X41/2,0) -> 77 | AA41: 13 | AB41: 20 | AC41: 15 | AD41: 17 | AE41: 54 | AF41: =ROUND(SUM(AA41:AE41),0) -> 119 | AG41: =ROUND(AF41/2,0) -> 60 | AI41: 14 | AJ41: 40 | AK41: 12 | AL41: 17 | AM41: 66 | AN41: =ROUND(SUM(AI41:AM41),0) -> 149 | AO41: =ROUND(AN41/2,0) -> 75 | AQ41: 3 | AR41: 5 | AS41: 2 | AT41: 13 | AU41: 5.5 | AV41: 9 | AW41: 1 | AX41: 13 | AY41: =ROUND(SUM(AQ41,AU41),0) -> 9 | AZ41: =ROUND(SUM(AR41,AV41),0) -> 14 | BA41: =ROUND(SUM(AS41,AW41),0) -> 3 | BB41: 5 | BC41: =ROUND(AT41+AX41,0) -> 26 | BD41: =ROUND(SUM(AY41:BC41),0) -> 57 | BE41: =ROUND(BD41/2,0) -> 29 | BF41: 6 | BO41: A | BP41: B | BQ41: =J41+R41+Z41+AH41+AP41+BF41 -> 6 | BR41: =ROUND(I41+Q41+Y41+AG41+AO41+BE41,0) -> 360 | BS41: =BR41/6 -> 60 | BT41: PROMOTED
A42: 37 | B42: KHADIJA JAMADAR | C42: 12 | D42: 30 | E42: 12 | F42: 18 | G42: 47 | H42: =ROUND(SUM(C42:G42),0) -> 119 | I42: =ROUND(H42/2,0) -> 60 | K42: 13 | L42: 38 | M42: 18 | N42: 15 | O42: 54 | P42: =ROUND(SUM(K42:O42),0) -> 138 | Q42: =ROUND(P42/2,0) -> 69 | S42: 21 | T42: 47 | U42: 14 | V42: 18 | W42: 72 | X42: =ROUND(SUM(S42:W42),0) -> 172 | Y42: =ROUND(X42/2,0) -> 86 | AA42: 16 | AB42: 26 | AC42: 10 | AD42: 16 | AE42: 40 | AF42: =ROUND(SUM(AA42:AE42),0) -> 108 | AG42: =ROUND(AF42/2,0) -> 54 | AI42: 20 | AJ42: 46 | AK42: 16 | AL42: 18 | AM42: 64 | AN42: =ROUND(SUM(AI42:AM42),0) -> 164 | AO42: =ROUND(AN42/2,0) -> 82 | AQ42: 10 | AR42: 15 | AS42: 3.5 | AT42: 25 | AU42: 8.5 | AV42: 19.5 | AW42: 4 | AX42: 29 | AY42: =ROUND(SUM(AQ42,AU42),0) -> 19 | AZ42: =ROUND(SUM(AR42,AV42),0) -> 35 | BA42: =ROUND(SUM(AS42,AW42),0) -> 8 | BB42: 5 | BC42: =ROUND(AT42+AX42,0) -> 54 | BD42: =ROUND(SUM(AY42:BC42),0) -> 121 | BE42: =ROUND(BD42/2,0) -> 61 | BO42: A | BP42: B | BQ42: =J42+R42+Z42+AH42+AP42+BF42 -> 0 | BR42: =ROUND(I42+Q42+Y42+AG42+AO42+BE42,0) -> 412 | BS42: =BR42/6 -> 68.666667 | BT42: =IF(BS42>=75,"GRADE I with Distinction",IF(BS42>=60,"GRADE I",IF(BS42>=45,"GRADE II",IF(BS42>=35,"PASS","FAIL")))) -> GRADE I
A43: 38 | B43: KONAR KALIAMMAL MASANAM | C43: 6 | D43: 11 | E43: 8 | F43: 17 | G43: 32 | H43: =ROUND(SUM(C43:G43),0) -> 74 | I43: =ROUND(H43/2,0) -> 37 | K43: 13 | L43: 29 | M43: 14 | N43: 14 | O43: 39 | P43: =ROUND(SUM(K43:O43),0) -> 109 | Q43: =ROUND(P43/2,0) -> 55 | S43: 14 | T43: 24 | U43: 14 | V43: 17 | W43: 49 | X43: =ROUND(SUM(S43:W43),0) -> 118 | Y43: =ROUND(X43/2,0) -> 59 | AA43: 15 | AB43: 13 | AC43: 7 | AD43: 14 | AE43: 38 | AF43: =ROUND(SUM(AA43:AE43),0) -> 87 | AG43: =ROUND(AF43/2,0) -> 44 | AI43: 10 | AJ43: 18 | AK43: 10 | AL43: 18 | AM43: 54 | AN43: =ROUND(SUM(AI43:AM43),0) -> 110 | AO43: =ROUND(AN43/2,0) -> 55 | AQ43: 6 | AR43: 11.5 | AS43: 0 | AT43: 14 | AU43: 3.5 | AV43: 5 | AW43: 3 | AX43: 18 | AY43: =ROUND(SUM(AQ43,AU43),0) -> 10 | AZ43: =ROUND(SUM(AR43,AV43),0) -> 17 | BA43: =ROUND(SUM(AS43,AW43),0) -> 3 | BB43: 6 | BC43: =ROUND(AT43+AX43,0) -> 32 | BD43: =ROUND(SUM(AY43:BC43),0) -> 68 | BE43: =ROUND(BD43/2,0) -> 34 | BF43: 1 | BO43: A | BP43: A | BQ43: =J43+R43+Z43+AH43+AP43+BF43 -> 1 | BR43: =ROUND(I43+Q43+Y43+AG43+AO43+BE43,0) -> 284 | BS43: =BR43/6 -> 47.333333 | BT43: PROMOTED
A44: 39 | B44: KONAR MAHALAXMI VANUMAMALAI | C44: 12 | D44: 19 | E44: 11 | F44: 18 | G44: 48 | H44: =ROUND(SUM(C44:G44),0) -> 108 | I44: =ROUND(H44/2,0) -> 54 | K44: 17 | L44: 34 | M44: 17 | N44: 16 | O44: 48 | P44: =ROUND(SUM(K44:O44),0) -> 132 | Q44: =ROUND(P44/2,0) -> 66 | S44: 21 | T44: 35 | U44: 18 | V44: 14 | W44: 59 | X44: =ROUND(SUM(S44:W44),0) -> 147 | Y44: =ROUND(X44/2,0) -> 74 | AA44: 15 | AB44: 27 | AC44: 11 | AD44: 14 | AE44: 45 | AF44: =ROUND(SUM(AA44:AE44),0) -> 112 | AG44: =ROUND(AF44/2,0) -> 56 | AI44: 16 | AJ44: 28 | AK44: 15 | AL44: 16 | AM44: 52 | AN44: =ROUND(SUM(AI44:AM44),0) -> 127 | AO44: =ROUND(AN44/2,0) -> 64 | AQ44: 10 | AR44: 22 | AS44: 8 | AT44: 26 | AU44: 6 | AV44: 13 | AW44: 2.5 | AX44: 20 | AY44: =ROUND(SUM(AQ44,AU44),0) -> 16 | AZ44: =ROUND(SUM(AR44,AV44),0) -> 35 | BA44: =ROUND(SUM(AS44,AW44),0) -> 11 | BB44: 14 | BC44: =ROUND(AT44+AX44,0) -> 46 | BD44: =ROUND(SUM(AY44:BC44),0) -> 122 | BE44: =ROUND(BD44/2,0) -> 61 | BO44: A | BP44: A | BQ44: =J44+R44+Z44+AH44+AP44+BF44 -> 0 | BR44: =ROUND(I44+Q44+Y44+AG44+AO44+BE44,0) -> 375 | BS44: =BR44/6 -> 62.5 | BT44: =IF(BS44>=75,"GRADE I with Distinction",IF(BS44>=60,"GRADE I",IF(BS44>=45,"GRADE II",IF(BS44>=35,"PASS","FAIL")))) -> GRADE I
A45: 40 | B45: KONERI ANUSHKA PRABHAKAR | C45: 11 | D45: 23 | E45: 10 | F45: 18 | G45: 45 | H45: =ROUND(SUM(C45:G45),0) -> 107 | I45: =ROUND(H45/2,0) -> 54 | K45: 10 | L45: 24 | M45: AB | N45: 13 | O45: 35 | P45: =ROUND(SUM(K45:O45),0) -> 82 | Q45: =ROUND(P45/2,0) -> 41 | S45: 11 | T45: 27 | U45: 8 | V45: 16 | W45: 45 | X45: =ROUND(SUM(S45:W45),0) -> 107 | Y45: =ROUND(X45/2,0) -> 54 | AA45: 9 | AB45: 8 | AC45: AB | AD45: 16 | AE45: 26 | AF45: =ROUND(SUM(AA45:AE45),0) -> 59 | AG45: =ROUND(AF45/2,0) -> 30 | AH45: 5 | AI45: 9 | AJ45: 16 | AK45: AB | AL45: 17 | AM45: 37 | AN45: =ROUND(SUM(AI45:AM45),0) -> 79 | AO45: =ROUND(AN45/2,0) -> 40 | AQ45: 3 | AR45: 9 | AS45: AB | AT45: 13 | AU45: 1 | AV45: 6.5 | AW45: AB | AX45: 8 | AY45: =ROUND(SUM(AQ45,AU45),0) -> 4 | AZ45: =ROUND(SUM(AR45,AV45),0) -> 16 | BA45: =ROUND(SUM(AS45,AW45),0) -> 0 | BB45: 9 | BC45: =ROUND(AT45+AX45,0) -> 21 | BD45: =ROUND(SUM(AY45:BC45),0) -> 50 | BE45: =ROUND(BD45/2,0) -> 25 | BF45: 10 | BO45: A | BP45: B | BQ45: =J45+R45+Z45+AH45+AP45+BF45 -> 15 | BR45: =ROUND(I45+Q45+Y45+AG45+AO45+BE45,0) -> 244 | BS45: =BR45/6 -> 40.666667 | BT45: =IF(BS45>=75,"GRADE I with Distinction",IF(BS45>=60,"GRADE I",IF(BS45>=45,"GRADE II",IF(BS45>=35,"PASS","FAIL")))) -> PASS
A46: 41 | B46: KRISHIV ANKIT AGGARWAL | C46: 18 | D46: 27 | E46: 16 | F46: 14 | G46: 57 | H46: =ROUND(SUM(C46:G46),0) -> 132 | I46: =ROUND(H46/2,0) -> 66 | K46: 15 | L46: 34 | M46: 10 | N46: 13 | O46: 45 | P46: =ROUND(SUM(K46:O46),0) -> 117 | Q46: =ROUND(P46/2,0) -> 59 | S46: 22 | T46: 32 | U46: 11 | V46: 17 | W46: 57 | X46: =ROUND(SUM(S46:W46),0) -> 139 | Y46: =ROUND(X46/2,0) -> 70 | AA46: 18 | AB46: 21 | AC46: 9 | AD46: 12 | AE46: 39 | AF46: =ROUND(SUM(AA46:AE46),0) -> 99 | AG46: =ROUND(AF46/2,0) -> 50 | AI46: 21 | AJ46: 42 | AK46: 14 | AL46: 17 | AM46: 48 | AN46: =ROUND(SUM(AI46:AM46),0) -> 142 | AO46: =ROUND(AN46/2,0) -> 71 | AQ46: 12 | AR46: 13 | AS46: 4 | AT46: 23 | AU46: 8 | AV46: 9 | AW46: 8.5 | AX46: 24 | AY46: =ROUND(SUM(AQ46,AU46),0) -> 20 | AZ46: =ROUND(SUM(AR46,AV46),0) -> 22 | BA46: =ROUND(SUM(AS46,AW46),0) -> 13 | BB46: 15 | BC46: =ROUND(AT46+AX46,0) -> 47 | BD46: =ROUND(SUM(AY46:BC46),0) -> 117 | BE46: =ROUND(BD46/2,0) -> 59 | BO46: A | BP46: A | BQ46: =J46+R46+Z46+AH46+AP46+BF46 -> 0 | BR46: =ROUND(I46+Q46+Y46+AG46+AO46+BE46,0) -> 375 | BS46: =BR46/6 -> 62.5 | BT46: =IF(BS46>=75,"GRADE I with Distinction",IF(BS46>=60,"GRADE I",IF(BS46>=45,"GRADE II",IF(BS46>=35,"PASS","FAIL")))) -> GRADE I
A47: 42 | B47: LAKSHYA LAKSHMINARAYANAN CHAKRAVARTHY | C47: 15 | D47: 28 | E47: 19 | F47: 13 | G47: 48 | H47: =ROUND(SUM(C47:G47),0) -> 123 | I47: =ROUND(H47/2,0) -> 62 | K47: 8 | L47: 23 | M47: 6 | N47: 14 | O47: 28 | P47: =ROUND(SUM(K47:O47),0) -> 79 | Q47: =ROUND(P47/2,0) -> 40 | S47: 20 | T47: 34 | U47: 10 | V47: 17 | W47: 55 | X47: =ROUND(SUM(S47:W47),0) -> 136 | Y47: =ROUND(X47/2,0) -> 68 | AA47: 22 | AB47: 20 | AC47: 9 | AD47: 19 | AE47: 34 | AF47: =ROUND(SUM(AA47:AE47),0) -> 104 | AG47: =ROUND(AF47/2,0) -> 52 | AI47: 16 | AJ47: 39 | AK47: 9 | AL47: 20 | AM47: 58 | AN47: =ROUND(SUM(AI47:AM47),0) -> 142 | AO47: =ROUND(AN47/2,0) -> 71 | AQ47: 11 | AR47: 12 | AS47: 7 | AT47: 19 | AU47: 6 | AV47: 8 | AW47: 4 | AX47: 27 | AY47: =ROUND(SUM(AQ47,AU47),0) -> 17 | AZ47: =ROUND(SUM(AR47,AV47),0) -> 20 | BA47: =ROUND(SUM(AS47,AW47),0) -> 11 | BB47: 15 | BC47: =ROUND(AT47+AX47,0) -> 46 | BD47: =ROUND(SUM(AY47:BC47),0) -> 109 | BE47: =ROUND(BD47/2,0) -> 55 | BO47: A | BP47: B | BQ47: =J47+R47+Z47+AH47+AP47+BF47 -> 0 | BR47: =ROUND(I47+Q47+Y47+AG47+AO47+BE47,0) -> 348 | BS47: =BR47/6 -> 58 | BT47: =IF(BS47>=75,"GRADE I with Distinction",IF(BS47>=60,"GRADE I",IF(BS47>=45,"GRADE II",IF(BS47>=35,"PASS","FAIL")))) -> GRADE II
A48: 43 | B48: MADHAN SELVAKUMAR | C48: 9 | D48: 10 | E48: 9 | F48: 12 | G48: 41 | H48: =ROUND(SUM(C48:G48),0) -> 81 | I48: =ROUND(H48/2,0) -> 41 | K48: 11 | L48: 21 | M48: 10 | N48: 12 | O48: 44 | P48: =ROUND(SUM(K48:O48),0) -> 98 | Q48: =ROUND(P48/2,0) -> 49 | S48: 15 | T48: 19 | U48: 3 | V48: 14 | W48: 38 | X48: =ROUND(SUM(S48:W48),0) -> 89 | Y48: =ROUND(X48/2,0) -> 45 | AA48: 16 | AB48: 17 | AC48: 8 | AD48: 13 | AE48: 29 | AF48: =ROUND(SUM(AA48:AE48),0) -> 83 | AG48: =ROUND(AF48/2,0) -> 42 | AI48: 9 | AJ48: 24 | AK48: 7 | AL48: 14 | AM48: 31 | AN48: =ROUND(SUM(AI48:AM48),0) -> 85 | AO48: =ROUND(AN48/2,0) -> 43 | AQ48: 5 | AR48: 11 | AS48: 7 | AT48: 35 | AU48: 1 | AV48: 11.5 | AW48: 2 | AX48: 14 | AY48: =ROUND(SUM(AQ48,AU48),0) -> 6 | AZ48: =ROUND(SUM(AR48,AV48),0) -> 23 | BA48: =ROUND(SUM(AS48,AW48),0) -> 9 | BB48: 15 | BC48: =ROUND(AT48+AX48,0) -> 49 | BD48: =ROUND(SUM(AY48:BC48),0) -> 102 | BE48: =ROUND(BD48/2,0) -> 51 | BO48: B | BP48: B | BQ48: =J48+R48+Z48+AH48+AP48+BF48 -> 0 | BR48: =ROUND(I48+Q48+Y48+AG48+AO48+BE48,0) -> 271 | BS48: =BR48/6 -> 45.166667 | BT48: =IF(BS48>=75,"GRADE I with Distinction",IF(BS48>=60,"GRADE I",IF(BS48>=45,"GRADE II",IF(BS48>=35,"PASS","FAIL")))) -> GRADE II
A49: 44 | B49: MAHESH BHARAT VAVIYA | C49: 8 | D49: 20 | E49: 14 | F49: 14 | G49: 43 | H49: =ROUND(SUM(C49:G49),0) -> 99 | I49: =ROUND(H49/2,0) -> 50 | K49: 10 | L49: 27 | M49: 15 | N49: 15 | O49: 41 | P49: =ROUND(SUM(K49:O49),0) -> 108 | Q49: =ROUND(P49/2,0) -> 54 | S49: 11 | T49: 40 | U49: 19 | V49: 14 | W49: 38 | X49: =ROUND(SUM(S49:W49),0) -> 122 | Y49: =ROUND(X49/2,0) -> 61 | AA49: 21 | AB49: 34 | AC49: 20 | AD49: 20 | AE49: 58 | AF49: =ROUND(SUM(AA49:AE49),0) -> 153 | AG49: =ROUND(AF49/2,0) -> 77 | AI49: 9 | AJ49: 29 | AK49: 9 | AL49: 18 | AM49: 45 | AN49: =ROUND(SUM(AI49:AM49),0) -> 110 | AO49: =ROUND(AN49/2,0) -> 55 | AQ49: 9 | AR49: 20 | AS49: 6.5 | AT49: 28 | AU49: 6 | AV49: 18 | AW49: 3.5 | AX49: 18 | AY49: =ROUND(SUM(AQ49,AU49),0) -> 15 | AZ49: =ROUND(SUM(AR49,AV49),0) -> 38 | BA49: =ROUND(SUM(AS49,AW49),0) -> 10 | BB49: 15 | BC49: =ROUND(AT49+AX49,0) -> 46 | BD49: =ROUND(SUM(AY49:BC49),0) -> 124 | BE49: =ROUND(BD49/2,0) -> 62 | BO49: A | BP49: B | BQ49: =J49+R49+Z49+AH49+AP49+BF49 -> 0 | BR49: 359 #1 | BS49: 60 | BT49: =IF(BS49>=75,"GRADE I with Distinction",IF(BS49>=60,"GRADE I",IF(BS49>=45,"GRADE II",IF(BS49>=35,"PASS","FAIL")))) -> GRADE I
A50: 45 | B50: MAHI CHAUDHARY | C50: 14 | D50: 23 | E50: 12 | F50: 16 | G50: 46 | H50: =ROUND(SUM(C50:G50),0) -> 111 | I50: =ROUND(H50/2,0) -> 56 | K50: 11 | L50: 27 | M50: 11 | N50: 13 | O50: 48 | P50: =ROUND(SUM(K50:O50),0) -> 110 | Q50: =ROUND(P50/2,0) -> 55 | S50: 22 | T50: 46 | U50: 19 | V50: 17 | W50: 68 | X50: =ROUND(SUM(S50:W50),0) -> 172 | Y50: =ROUND(X50/2,0) -> 86 | AA50: 24 | AB50: 30 | AC50: 14 | AD50: 15 | AE50: 51 | AF50: =ROUND(SUM(AA50:AE50),0) -> 134 | AG50: =ROUND(AF50/2,0) -> 67 | AI50: 24 | AJ50: 40 | AK50: 17 | AL50: 17 | AM50: 57 | AN50: =ROUND(SUM(AI50:AM50),0) -> 155 | AO50: =ROUND(AN50/2,0) -> 78 | AQ50: 12 | AR50: 21 | AS50: 5.5 | AT50: 34 | AU50: 9 | AV50: 14 | AW50: 4.5 | AX50: 29 | AY50: =ROUND(SUM(AQ50,AU50),0) -> 21 | AZ50: =ROUND(SUM(AR50,AV50),0) -> 35 | BA50: =ROUND(SUM(AS50,AW50),0) -> 10 | BB50: 10 | BC50: =ROUND(AT50+AX50,0) -> 63 | BD50: =ROUND(SUM(AY50:BC50),0) -> 139 | BE50: =ROUND(BD50/2,0) -> 70 | BO50: A | BP50: A | BQ50: =J50+R50+Z50+AH50+AP50+BF50 -> 0 | BR50: =ROUND(I50+Q50+Y50+AG50+AO50+BE50,0) -> 412 | BS50: =BR50/6 -> 68.666667 | BT50: =IF(BS50>=75,"GRADE I with Distinction",IF(BS50>=60,"GRADE I",IF(BS50>=45,"GRADE II",IF(BS50>=35,"PASS","FAIL")))) -> GRADE I
A51: 46 | B51: MANGE KRISH ARVIND | C51: 10 | D51: 15 | E51: 13 | F51: 15 | G51: 44 | H51: =ROUND(SUM(C51:G51),0) -> 97 | I51: =ROUND(H51/2,0) -> 49 | K51: 11 | L51: 33 | M51: 14 | N51: 14 | O51: 44 | P51: =ROUND(SUM(K51:O51),0) -> 116 | Q51: =ROUND(P51/2,0) -> 58 | S51: 18 | T51: 38 | U51: 13 | V51: 15 | W51: 42 | X51: =ROUND(SUM(S51:W51),0) -> 126 | Y51: =ROUND(X51/2,0) -> 63 | AA51: 19 | AB51: 20 | AC51: 17 | AD51: 15 | AE51: 58 | AF51: =ROUND(SUM(AA51:AE51),0) -> 129 | AG51: =ROUND(AF51/2,0) -> 65 | AI51: 12 | AJ51: 12 | AK51: 12 | AL51: 15 | AM51: 36 | AN51: =ROUND(SUM(AI51:AM51),0) -> 87 | AO51: =ROUND(AN51/2,0) -> 44 | AQ51: 9 | AR51: 24 | AS51: 8 | AT51: 32 | AU51: 8 | AV51: 11.5 | AW51: 5 | AX51: 29 | AY51: =ROUND(SUM(AQ51,AU51),0) -> 17 | AZ51: =ROUND(SUM(AR51,AV51),0) -> 36 | BA51: =ROUND(SUM(AS51,AW51),0) -> 13 | BB51: 17 | BC51: =ROUND(AT51+AX51,0) -> 61 | BD51: =ROUND(SUM(AY51:BC51),0) -> 144 | BE51: =ROUND(BD51/2,0) -> 72 | BO51: A | BP51: A | BQ51: =J51+R51+Z51+AH51+AP51+BF51 -> 0 | BR51: =ROUND(I51+Q51+Y51+AG51+AO51+BE51,0) -> 351 | BS51: =BR51/6 -> 58.5 | BT51: =IF(BS51>=75,"GRADE I with Distinction",IF(BS51>=60,"GRADE I",IF(BS51>=45,"GRADE II",IF(BS51>=35,"PASS","FAIL")))) -> GRADE II
A52: 47 | B52: MANISH VELMURUGAN | C52: 7 | D52: 6 | E52: 10 | F52: 14 | G52: 44 | H52: =ROUND(SUM(C52:G52),0) -> 81 | I52: =ROUND(H52/2,0) -> 41 | K52: 9 | L52: 22 | M52: 11 | N52: 14 | O52: 31 | P52: =ROUND(SUM(K52:O52),0) -> 87 | Q52: =ROUND(P52/2,0) -> 44 | S52: 14 | T52: 32 | U52: 6 | V52: 17 | W52: 43 | X52: =ROUND(SUM(S52:W52),0) -> 112 | Y52: =ROUND(X52/2,0) -> 56 | AA52: 17 | AB52: 11 | AC52: 9 | AD52: 14 | AE52: 29 | AF52: =ROUND(SUM(AA52:AE52),0) -> 80 | AG52: =ROUND(AF52/2,0) -> 40 | AI52: 8 | AJ52: 8 | AK52: 11 | AL52: 16 | AM52: 37 | AN52: =ROUND(SUM(AI52:AM52),0) -> 80 | AO52: =ROUND(AN52/2,0) -> 40 | AQ52: 2 | AR52: 4 | AS52: 3 | AT52: 12 | AU52: 4 | AV52: 8.5 | AW52: 3.5 | AX52: 14 | AY52: =ROUND(SUM(AQ52,AU52),0) -> 6 | AZ52: =ROUND(SUM(AR52,AV52),0) -> 13 | BA52: =ROUND(SUM(AS52,AW52),0) -> 7 | BB52: 11 | BC52: =ROUND(AT52+AX52,0) -> 26 | BD52: =ROUND(SUM(AY52:BC52),0) -> 63 | BE52: =ROUND(BD52/2,0) -> 32 | BF52: 3 | BO52: A | BP52: A | BQ52: =J52+R52+Z52+AH52+AP52+BF52 -> 3 | BR52: =ROUND(I52+Q52+Y52+AG52+AO52+BE52,0) -> 253 | BS52: =BR52/6 -> 42.166667 | BT52: PROMOTED
A53: 48 | B53: MARDAM KUSUMANJALI RAJENDRAPRASAD | C53: 7 | D53: 11 | E53: 10 | F53: 13 | G53: 38 | H53: =ROUND(SUM(C53:G53),0) -> 79 | I53: =ROUND(H53/2,0) -> 40 | K53: 11 | L53: 22 | M53: 10 | N53: 12 | O53: 27 | P53: =ROUND(SUM(K53:O53),0) -> 82 | Q53: =ROUND(P53/2,0) -> 41 | S53: 15 | T53: 30 | U53: 9 | V53: 18 | W53: 53 | X53: =ROUND(SUM(S53:W53),0) -> 125 | Y53: =ROUND(X53/2,0) -> 63 | AA53: 19 | AB53: 20 | AC53: 9 | AD53: 9 | AE53: 31 | AF53: =ROUND(SUM(AA53:AE53),0) -> 88 | AG53: =ROUND(AF53/2,0) -> 44 | AI53: 10 | AJ53: 22 | AK53: 9 | AL53: 17 | AM53: 32 | AN53: =ROUND(SUM(AI53:AM53),0) -> 90 | AO53: =ROUND(AN53/2,0) -> 45 | AQ53: 6 | AR53: 6.5 | AS53: 3.5 | AT53: 17 | AU53: 3 | AV53: 5 | AW53: 3 | AX53: 10 | AY53: =ROUND(SUM(AQ53,AU53),0) -> 9 | AZ53: =ROUND(SUM(AR53,AV53),0) -> 12 | BA53: =ROUND(SUM(AS53,AW53),0) -> 7 | BB53: 8 | BC53: =ROUND(AT53+AX53,0) -> 27 | BD53: =ROUND(SUM(AY53:BC53),0) -> 63 | BE53: =ROUND(BD53/2,0) -> 32 | BF53: 3 | BO53: A | BP53: B | BQ53: =J53+R53+Z53+AH53+AP53+BF53 -> 3 | BR53: =ROUND(I53+Q53+Y53+AG53+AO53+BE53,0) -> 265 | BS53: =BR53/6 -> 44.166667 | BT53: PROMOTED
A54: 49 | B54: MEET SATISH PANDYA | C54: 13 | D54: 29 | E54: 12 | F54: 15 | G54: 53 | H54: =ROUND(SUM(C54:G54),0) -> 122 | I54: =ROUND(H54/2,0) -> 61 | K54: 19 | L54: 29 | M54: 9 | N54: 15 | O54: 38 | P54: =ROUND(SUM(K54:O54),0) -> 110 | Q54: =ROUND(P54/2,0) -> 55 | S54: 22 | T54: 41 | U54: 18 | V54: 17 | W54: 58 | X54: =ROUND(SUM(S54:W54),0) -> 156 | Y54: =ROUND(X54/2,0) -> 78 | AA54: 24 | AB54: 39 | AC54: 18 | AD54: 19 | AE54: 60 | AF54: =ROUND(SUM(AA54:AE54),0) -> 160 | AG54: =ROUND(AF54/2,0) -> 80 | AI54: 22 | AJ54: 29 | AK54: 23 | AL54: 17 | AM54: 63 | AN54: =ROUND(SUM(AI54:AM54),0) -> 154 | AO54: =ROUND(AN54/2,0) -> 77 | AQ54: 10 | AR54: 22 | AS54: 8.5 | AT54: 28 | AU54: 6.5 | AV54: 18 | AW54: 9.5 | AX54: 32 | AY54: =ROUND(SUM(AQ54,AU54),0) -> 17 | AZ54: =ROUND(SUM(AR54,AV54),0) -> 40 | BA54: =ROUND(SUM(AS54,AW54),0) -> 18 | BB54: 20 | BC54: =ROUND(AT54+AX54,0) -> 60 | BD54: =ROUND(SUM(AY54:BC54),0) -> 155 | BE54: =ROUND(BD54/2,0) -> 78 | BO54: A | BP54: A | BQ54: =J54+R54+Z54+AH54+AP54+BF54 -> 0 | BR54: =ROUND(I54+Q54+Y54+AG54+AO54+BE54,0) -> 429 | BS54: =BR54/6 -> 71.5 | BT54: =IF(BS54>=75,"GRADE I with Distinction",IF(BS54>=60,"GRADE I",IF(BS54>=45,"GRADE II",IF(BS54>=35,"PASS","FAIL")))) -> GRADE I
A55: 50 | B55: MERLA DHEERAJ BHASKAR | C55: 5 | D55: 14 | E55: AB | F55: 14 | G55: 33 | H55: =ROUND(SUM(C55:G55),0) -> 66 | I55: =ROUND(H55/2,0) -> 33 | J55: 2 | K55: 13 | L55: 27 | M55: 9 | N55: 13 | O55: 41 | P55: =ROUND(SUM(K55:O55),0) -> 103 | Q55: =ROUND(P55/2,0) -> 52 | S55: 10 | T55: 29 | U55: AB | V55: 14 | W55: 46 | X55: =ROUND(SUM(S55:W55),0) -> 99 | Y55: =ROUND(X55/2,0) -> 50 | AA55: 11 | AB55: 19 | AC55: 8 | AD55: 16 | AE55: 35 | AF55: =ROUND(SUM(AA55:AE55),0) -> 89 | AG55: =ROUND(AF55/2,0) -> 45 | AI55: 10 | AJ55: 27 | AK55: 8 | AL55: 16 | AM55: 31 | AN55: =ROUND(SUM(AI55:AM55),0) -> 92 | AO55: =ROUND(AN55/2,0) -> 46 | AQ55: 4 | AR55: 8 | AS55: 4.5 | AT55: 19 | AU55: 5 | AV55: 8 | AW55: 3.5 | AX55: 11 | AY55: =ROUND(SUM(AQ55,AU55),0) -> 9 | AZ55: =ROUND(SUM(AR55,AV55),0) -> 16 | BA55: =ROUND(SUM(AS55,AW55),0) -> 8 | BB55: 14 | BC55: =ROUND(AT55+AX55,0) -> 30 | BD55: =ROUND(SUM(AY55:BC55),0) -> 77 | BE55: =ROUND(BD55/2,0) -> 39 | BO55: B | BP55: B | BQ55: =J55+R55+Z55+AH55+AP55+BF55 -> 2 | BR55: =ROUND(I55+Q55+Y55+AG55+AO55+BE55,0) -> 265 | BS55: =BR55/6 -> 44.166667 | BT55: PROMOTED
A56: 51 | B56: MHATRE HARSHALI RAMESH | C56: 10 | D56: 15 | E56: 9 | F56: 13 | G56: 39 | H56: =ROUND(SUM(C56:G56),0) -> 86 | I56: =ROUND(H56/2,0) -> 43 | K56: 21 | L56: 32 | M56: 13 | N56: 14 | O56: 41 | P56: =ROUND(SUM(K56:O56),0) -> 121 | Q56: =ROUND(P56/2,0) -> 61 | S56: 21 | T56: 34 | U56: 16 | V56: 15 | W56: 55 | X56: =ROUND(SUM(S56:W56),0) -> 141 | Y56: =ROUND(X56/2,0) -> 71 | AA56: 19 | AB56: 19 | AC56: 9 | AD56: 15 | AE56: 36 | AF56: =ROUND(SUM(AA56:AE56),0) -> 98 | AG56: =ROUND(AF56/2,0) -> 49 | AI56: 13 | AJ56: 35 | AK56: 12 | AL56: 16 | AM56: 35 | AN56: =ROUND(SUM(AI56:AM56),0) -> 111 | AO56: =ROUND(AN56/2,0) -> 56 | AQ56: 9 | AR56: 14.5 | AS56: 3.5 | AT56: 18 | AU56: 8.5 | AV56: 12.5 | AW56: 3 | AX56: 19 | AY56: =ROUND(SUM(AQ56,AU56),0) -> 18 | AZ56: =ROUND(SUM(AR56,AV56),0) -> 27 | BA56: =ROUND(SUM(AS56,AW56),0) -> 7 | BB56: 12 | BC56: =ROUND(AT56+AX56,0) -> 37 | BD56: =ROUND(SUM(AY56:BC56),0) -> 101 | BE56: =ROUND(BD56/2,0) -> 51 | BO56: A | BP56: A | BQ56: =J56+R56+Z56+AH56+AP56+BF56 -> 0 | BR56: =ROUND(I56+Q56+Y56+AG56+AO56+BE56,0) -> 331 | BS56: =BR56/6 -> 55.166667 | BT56: =IF(BS56>=75,"GRADE I with Distinction",IF(BS56>=60,"GRADE I",IF(BS56>=45,"GRADE II",IF(BS56>=35,"PASS","FAIL")))) -> GRADE II
A57: 52 | B57: MHATRE NEIL GUPESH | C57: 7 | D57: 18 | E57: 8 | F57: 16 | G57: 43 | H57: =ROUND(SUM(C57:G57),0) -> 92 | I57: =ROUND(H57/2,0) -> 46 | K57: 14 | L57: 25 | M57: 14 | N57: 14 | O57: 38 | P57: =ROUND(SUM(K57:O57),0) -> 105 | Q57: =ROUND(P57/2,0) -> 53 | S57: 16 | T57: 29 | U57: 16 | V57: 17 | W57: 38 | X57: =ROUND(SUM(S57:W57),0) -> 116 | Y57: =ROUND(X57/2,0) -> 58 | AA57: 10 | AB57: 18 | AC57: 11 | AD57: 18 | AE57: 22 | AF57: =ROUND(SUM(AA57:AE57),0) -> 79 | AG57: =ROUND(AF57/2,0) -> 40 | AI57: 11 | AJ57: 27 | AK57: 11 | AL57: 17 | AM57: 31 | AN57: =ROUND(SUM(AI57:AM57),0) -> 97 | AO57: =ROUND(AN57/2,0) -> 49 | AQ57: 5 | AR57: 2 | AS57: 5 | AT57: 20 | AU57: 4 | AV57: 14.5 | AW57: 4 | AX57: 11 | AY57: =ROUND(SUM(AQ57,AU57),0) -> 9 | AZ57: =ROUND(SUM(AR57,AV57),0) -> 17 | BA57: =ROUND(SUM(AS57,AW57),0) -> 9 | BB57: 15 | BC57: =ROUND(AT57+AX57,0) -> 31 | BD57: =ROUND(SUM(AY57:BC57),0) -> 81 | BE57: =ROUND(BD57/2,0) -> 41 | BO57: A | BP57: B | BQ57: =J57+R57+Z57+AH57+AP57+BF57 -> 0 | BR57: =ROUND(I57+Q57+Y57+AG57+AO57+BE57,0) -> 287 | BS57: =BR57/6 -> 47.833333 | BT57: =IF(BS57>=75,"GRADE I with Distinction",IF(BS57>=60,"GRADE I",IF(BS57>=45,"GRADE II",IF(BS57>=35,"PASS","FAIL")))) -> GRADE II
A58: 53 | B58: MISHRA HARIOM HARERAM | C58: 9 | D58: 23 | E58: 13 | F58: 11 | G58: 46 | H58: =ROUND(SUM(C58:G58),0) -> 102 | I58: =ROUND(H58/2,0) -> 51 | K58: 14 | L58: 28 | M58: 14 | N58: 14 | O58: 47 | P58: =ROUND(SUM(K58:O58),0) -> 117 | Q58: =ROUND(P58/2,0) -> 59 | S58: 20 | T58: 32 | U58: 13 | V58: 17 | W58: 69 | X58: =ROUND(SUM(S58:W58),0) -> 151 | Y58: =ROUND(X58/2,0) -> 76 | AA58: 14 | AB58: 24 | AC58: 10 | AD58: 13 | AE58: 45 | AF58: =ROUND(SUM(AA58:AE58),0) -> 106 | AG58: =ROUND(AF58/2,0) -> 53 | AI58: 11 | AJ58: 37 | AK58: 12 | AL58: 19 | AM58: 45 | AN58: =ROUND(SUM(AI58:AM58),0) -> 124 | AO58: =ROUND(AN58/2,0) -> 62 | AQ58: 6 | AR58: 5 | AS58: 1.5 | AT58: 11 | AU58: 1 | AV58: 14.5 | AW58: 2 | AX58: 10 | AY58: =ROUND(SUM(AQ58,AU58),0) -> 7 | AZ58: =ROUND(SUM(AR58,AV58),0) -> 20 | BA58: =ROUND(SUM(AS58,AW58),0) -> 4 | BB58: 15 | BC58: =ROUND(AT58+AX58,0) -> 21 | BD58: =ROUND(SUM(AY58:BC58),0) -> 67 | BE58: =ROUND(BD58/2,0) -> 34 | BF58: 1 | BO58: A | BP58: B | BQ58: =J58+R58+Z58+AH58+AP58+BF58 -> 1 | BR58: =ROUND(I58+Q58+Y58+AG58+AO58+BE58,0) -> 335 | BS58: =BR58/6 -> 55.833333 | BT58: PROMOTED
A59: 54 | B59: MOHAMMED MUBIN MEERA MOHIDEEN | C59: 12 | D59: 23 | E59: 12 | F59: 17 | G59: 49 | H59: =ROUND(SUM(C59:G59),0) -> 113 | I59: =ROUND(H59/2,0) -> 57 | K59: 12 | L59: 32 | M59: 15 | N59: 15 | O59: 36 | P59: =ROUND(SUM(K59:O59),0) -> 110 | Q59: =ROUND(P59/2,0) -> 55 | S59: 14 | T59: 32 | U59: 8 | V59: 16 | W59: 46 | X59: =ROUND(SUM(S59:W59),0) -> 116 | Y59: =ROUND(X59/2,0) -> 58 | AA59: 19 | AB59: 20 | AC59: 11 | AD59: 9 | AE59: 36 | AF59: =ROUND(SUM(AA59:AE59),0) -> 95 | AG59: =ROUND(AF59/2,0) -> 48 | AI59: 14 | AJ59: 36 | AK59: 11 | AL59: 16 | AM59: 39 | AN59: =ROUND(SUM(AI59:AM59),0) -> 116 | AO59: =ROUND(AN59/2,0) -> 58 | AQ59: 12 | AR59: 14 | AS59: 3.5 | AT59: 21 | AU59: 10 | AV59: 16 | AW59: 6.5 | AX59: 18 | AY59: =ROUND(SUM(AQ59,AU59),0) -> 22 | AZ59: =ROUND(SUM(AR59,AV59),0) -> 30 | BA59: =ROUND(SUM(AS59,AW59),0) -> 10 | BB59: 15 | BC59: =ROUND(AT59+AX59,0) -> 39 | BD59: =ROUND(SUM(AY59:BC59),0) -> 116 | BE59: =ROUND(BD59/2,0) -> 58 | BO59: A | BP59: A | BQ59: =J59+R59+Z59+AH59+AP59+BF59 -> 0 | BR59: =ROUND(I59+Q59+Y59+AG59+AO59+BE59,0) -> 334 | BS59: =BR59/6 -> 55.666667 | BT59: =IF(BS59>=75,"GRADE I with Distinction",IF(BS59>=60,"GRADE I",IF(BS59>=45,"GRADE II",IF(BS59>=35,"PASS","FAIL")))) -> GRADE II
A60: 55 | B60: MOHD FAIZAN ABDUL JABBAR | C60: 4 | D60: 14 | E60: 9 | F60: 16 | G60: 42 | H60: =ROUND(SUM(C60:G60),0) -> 85 | I60: =ROUND(H60/2,0) -> 43 | K60: 7 | L60: 21 | M60: 13 | N60: 16 | O60: 25 | P60: =ROUND(SUM(K60:O60),0) -> 82 | Q60: =ROUND(P60/2,0) -> 41 | S60: 7 | T60: 18 | U60: 9 | V60: 15 | W60: 27 | X60: =ROUND(SUM(S60:W60),0) -> 76 | Y60: =ROUND(X60/2,0) -> 38 | AA60: 14 | AB60: 18 | AC60: 10 | AD60: 14 | AE60: 14 | AF60: =ROUND(SUM(AA60:AE60),0) -> 70 | AG60: =ROUND(AF60/2,0) -> 35 | AI60: 8 | AJ60: 24 | AK60: 11 | AL60: 15 | AM60: 33 | AN60: =ROUND(SUM(AI60:AM60),0) -> 91 | AO60: =ROUND(AN60/2,0) -> 46 | AQ60: 9 | AR60: 9 | AS60: 3 | AT60: 9 | AU60: 1 | AV60: 6 | AW60: 2.5 | AX60: 11 | AY60: =ROUND(SUM(AQ60,AU60),0) -> 10 | AZ60: =ROUND(SUM(AR60,AV60),0) -> 15 | BA60: =ROUND(SUM(AS60,AW60),0) -> 6 | BB60: 7 | BC60: =ROUND(AT60+AX60,0) -> 20 | BD60: =ROUND(SUM(AY60:BC60),0) -> 58 | BE60: =ROUND(BD60/2,0) -> 29 | BF60: 6 | BO60: A | BP60: B | BQ60: =J60+R60+Z60+AH60+AP60+BF60 -> 6 | BR60: =ROUND(I60+Q60+Y60+AG60+AO60+BE60,0) -> 232 | BS60: =BR60/6 -> 38.666667 | BT60: PROMOTED
A61: 56 | B61: MUDALIYAR MAHA ANNAMALAI | C61: 13 | D61: 24 | E61: 18 | F61: 16 | G61: 49 | H61: =ROUND(SUM(C61:G61),0) -> 120 | I61: =ROUND(H61/2,0) -> 60 | K61: 16 | L61: 27 | M61: 15 | N61: 15 | O61: 31 | P61: =ROUND(SUM(K61:O61),0) -> 104 | Q61: =ROUND(P61/2,0) -> 52 | S61: 18 | T61: 32 | U61: 15 | V61: 18 | W61: 50 | X61: =ROUND(SUM(S61:W61),0) -> 133 | Y61: =ROUND(X61/2,0) -> 67 | AA61: 20 | AB61: 23 | AC61: 12 | AD61: 15 | AE61: 33 | AF61: =ROUND(SUM(AA61:AE61),0) -> 103 | AG61: =ROUND(AF61/2,0) -> 52 | AI61: 17 | AJ61: 27 | AK61: 19 | AL61: 16 | AM61: 51 | AN61: =ROUND(SUM(AI61:AM61),0) -> 130 | AO61: =ROUND(AN61/2,0) -> 65 | AQ61: 10 | AR61: 9 | AS61: 4.5 | AT61: 19 | AU61: 4.5 | AV61: 11.5 | AW61: 4.5 | AX61: 6 | AY61: =ROUND(SUM(AQ61,AU61),0) -> 15 | AZ61: =ROUND(SUM(AR61,AV61),0) -> 21 | BA61: =ROUND(SUM(AS61,AW61),0) -> 9 | BB61: 13 | BC61: =ROUND(AT61+AX61,0) -> 25 | BD61: =ROUND(SUM(AY61:BC61),0) -> 83 | BE61: =ROUND(BD61/2,0) -> 42 | BO61: A | BP61: A | BQ61: =J61+R61+Z61+AH61+AP61+BF61 -> 0 | BR61: =ROUND(I61+Q61+Y61+AG61+AO61+BE61,0) -> 338 | BS61: =BR61/6 -> 56.333333 | BT61: =IF(BS61>=75,"GRADE I with Distinction",IF(BS61>=60,"GRADE I",IF(BS61>=45,"GRADE II",IF(BS61>=35,"PASS","FAIL")))) -> GRADE II
A62: 57 | B62: NADAR ADITYA PRABHAKAR | C62: 7 | D62: 7 | E62: 9 | F62: 14 | G62: 32 | H62: =ROUND(SUM(C62:G62),0) -> 69 | I62: =ROUND(H62/2,0) -> 35 | K62: 8 | L62: 14 | M62: 9 | N62: 14 | O62: 24 | P62: =ROUND(SUM(K62:O62),0) -> 69 | Q62: =ROUND(P62/2,0) -> 35 | S62: 14 | T62: 21 | U62: 10 | V62: 13 | W62: 34 | X62: =ROUND(SUM(S62:W62),0) -> 92 | Y62: =ROUND(X62/2,0) -> 46 | AA62: 7 | AB62: 7 | AC62: 7 | AD62: 16 | AE62: 20 | AF62: =ROUND(SUM(AA62:AE62),0) -> 57 | AG62: =ROUND(AF62/2,0) -> 29 | AH62: 6 | AI62: 11 | AJ62: 8 | AK62: 8 | AL62: 11 | AM62: 31 | AN62: =ROUND(SUM(AI62:AM62),0) -> 69 | AO62: =ROUND(AN62/2,0) -> 35 | AQ62: 6 | AR62: 5 | AS62: 4 | AT62: 8 | AU62: 0 | AV62: 8 | AW62: 2 | AX62: 11 | AY62: =ROUND(SUM(AQ62,AU62),0) -> 6 | AZ62: =ROUND(SUM(AR62,AV62),0) -> 13 | BA62: =ROUND(SUM(AS62,AW62),0) -> 6 | BB62: 8 | BC62: =ROUND(AT62+AX62,0) -> 19 | BD62: =ROUND(SUM(AY62:BC62),0) -> 52 | BE62: =ROUND(BD62/2,0) -> 26 | BF62: 9 | BO62: B | BP62: A | BQ62: =J62+R62+Z62+AH62+AP62+BF62 -> 15 | BR62: =ROUND(I62+Q62+Y62+AG62+AO62+BE62,0) -> 206 | BS62: =BR62/6 -> 34.333333 | BT62: PROMOTED
A63: 58 | B63: NADAR BENSON PAUL | C63: 9 | D63: 19 | E63: 12 | F63: 18 | G63: 42 | H63: =ROUND(SUM(C63:G63),0) -> 100 | I63: =ROUND(H63/2,0) -> 50 | K63: 6 | L63: 19 | M63: 5 | N63: 10 | O63: 26 | P63: =ROUND(SUM(K63:O63),0) -> 66 | Q63: =ROUND(P63/2,0) -> 33 | R63: 2 | S63: 14 | T63: 32 | U63: 7 | V63: 16 | W63: 31 | X63: =ROUND(SUM(S63:W63),0) -> 100 | Y63: =ROUND(X63/2,0) -> 50 | AA63: 14 | AB63: 15 | AC63: 19 | AD63: 9 | AE63: 17 | AF63: =ROUND(SUM(AA63:AE63),0) -> 74 | AG63: =ROUND(AF63/2,0) -> 37 | AI63: 9 | AJ63: 31 | AK63: 11 | AL63: 16 | AM63: 30 | AN63: =ROUND(SUM(AI63:AM63),0) -> 97 | AO63: =ROUND(AN63/2,0) -> 49 | AQ63: 12 | AR63: 5 | AS63: 2.5 | AT63: 9 | AU63: 2 | AV63: 9.5 | AW63: 3 | AX63: 13 | AY63: =ROUND(SUM(AQ63,AU63),0) -> 14 | AZ63: =ROUND(SUM(AR63,AV63),0) -> 15 | BA63: =ROUND(SUM(AS63,AW63),0) -> 6 | BB63: 10 | BC63: =ROUND(AT63+AX63,0) -> 22 | BD63: =ROUND(SUM(AY63:BC63),0) -> 67 | BE63: =ROUND(BD63/2,0) -> 34 | BF63: 1 | BO63: A | BP63: B | BQ63: =J63+R63+Z63+AH63+AP63+BF63 -> 3 | BR63: =ROUND(I63+Q63+Y63+AG63+AO63+BE63,0) -> 253 | BS63: =BR63/6 -> 42.166667 | BT63: PROMOTED
A64: 59 | B64: NADAR JANANI EDWINPAUL | C64: 6 | D64: 16 | E64: 15 | F64: 15 | G64: 44 | H64: =ROUND(SUM(C64:G64),0) -> 96 | I64: =ROUND(H64/2,0) -> 48 | K64: 8 | L64: 20 | M64: 15 | N64: 16 | O64: 41 | P64: =ROUND(SUM(K64:O64),0) -> 100 | Q64: =ROUND(P64/2,0) -> 50 | S64: 11 | T64: 30 | U64: 18 | V64: 14 | W64: 51 | X64: =ROUND(SUM(S64:W64),0) -> 124 | Y64: =ROUND(X64/2,0) -> 62 | AA64: 17 | AB64: 17 | AC64: 10 | AD64: 13 | AE64: 50 | AF64: =ROUND(SUM(AA64:AE64),0) -> 107 | AG64: =ROUND(AF64/2,0) -> 54 | AI64: 6 | AJ64: 19 | AK64: 14 | AL64: 20 | AM64: 46 | AN64: =ROUND(SUM(AI64:AM64),0) -> 105 | AO64: =ROUND(AN64/2,0) -> 53 | AQ64: 8 | AR64: 5 | AS64: 2.5 | AT64: 10 | AU64: 4 | AV64: 6.5 | AW64: 4 | AX64: 19 | AY64: =ROUND(SUM(AQ64,AU64),0) -> 12 | AZ64: =ROUND(SUM(AR64,AV64),0) -> 12 | BA64: =ROUND(SUM(AS64,AW64),0) -> 7 | BB64: 11 | BC64: =ROUND(AT64+AX64,0) -> 29 | BD64: =ROUND(SUM(AY64:BC64),0) -> 71 | BE64: =ROUND(BD64/2,0) -> 36 | BO64: A | BP64: B | BQ64: =J64+R64+Z64+AH64+AP64+BF64 -> 0 | BR64: =ROUND(I64+Q64+Y64+AG64+AO64+BE64,0) -> 303 | BS64: =BR64/6 -> 50.5 | BT64: =IF(BS64>=75,"GRADE I with Distinction",IF(BS64>=60,"GRADE I",IF(BS64>=45,"GRADE II",IF(BS64>=35,"PASS","FAIL")))) -> GRADE II
A65: 60 | B65: NALAWADE ATHARVA NILESH | C65: 12 | D65: 18 | E65: 9 | F65: 15 | G65: 43 | H65: =ROUND(SUM(C65:G65),0) -> 97 | I65: =ROUND(H65/2,0) -> 49 | K65: 12 | L65: 21 | M65: 14 | N65: 14 | O65: 38 | P65: =ROUND(SUM(K65:O65),0) -> 99 | Q65: =ROUND(P65/2,0) -> 50 | S65: 13 | T65: 26 | U65: 9 | V65: 15 | W65: 47 | X65: =ROUND(SUM(S65:W65),0) -> 110 | Y65: =ROUND(X65/2,0) -> 55 | AA65: 15 | AB65: 20 | AC65: 17 | AD65: 18 | AE65: 35 | AF65: =ROUND(SUM(AA65:AE65),0) -> 105 | AG65: =ROUND(AF65/2,0) -> 53 | AI65: 12 | AJ65: 23 | AK65: 9 | AL65: 20 | AM65: 43 | AN65: =ROUND(SUM(AI65:AM65),0) -> 107 | AO65: =ROUND(AN65/2,0) -> 54 | AQ65: 9 | AR65: 14.5 | AS65: 3.5 | AT65: 8 | AU65: 3 | AV65: 4.5 | AW65: 2.5 | AX65: 13 | AY65: =ROUND(SUM(AQ65,AU65),0) -> 12 | AZ65: =ROUND(SUM(AR65,AV65),0) -> 19 | BA65: =ROUND(SUM(AS65,AW65),0) -> 6 | BB65: 13 | BC65: =ROUND(AT65+AX65,0) -> 21 | BD65: =ROUND(SUM(AY65:BC65),0) -> 71 | BE65: =ROUND(BD65/2,0) -> 36 | BO65: A | BP65: B | BQ65: =J65+R65+Z65+AH65+AP65+BF65 -> 0 | BR65: =ROUND(I65+Q65+Y65+AG65+AO65+BE65,0) -> 297 | BS65: =BR65/6 -> 49.5 | BT65: =IF(BS65>=75,"GRADE I with Distinction",IF(BS65>=60,"GRADE I",IF(BS65>=45,"GRADE II",IF(BS65>=35,"PASS","FAIL")))) -> GRADE II
A66: 61 | B66: NAMBIATH SRISHA AJIT | C66: 15 | D66: 24 | E66: 17 | F66: 16 | G66: 44 | H66: =ROUND(SUM(C66:G66),0) -> 116 | I66: =ROUND(H66/2,0) -> 58 | K66: 13 | L66: 25 | M66: 14 | N66: 14 | O66: 40 | P66: =ROUND(SUM(K66:O66),0) -> 106 | Q66: =ROUND(P66/2,0) -> 53 | S66: 17 | T66: 31 | U66: 13 | V66: 16 | W66: 52 | X66: =ROUND(SUM(S66:W66),0) -> 129 | Y66: =ROUND(X66/2,0) -> 65 | AA66: 23 | AB66: 31 | AC66: 11 | AD66: 17 | AE66: 29 | AF66: =ROUND(SUM(AA66:AE66),0) -> 111 | AG66: =ROUND(AF66/2,0) -> 56 | AI66: 10 | AJ66: 31 | AK66: 11 | AL66: 17 | AM66: 32 | AN66: =ROUND(SUM(AI66:AM66),0) -> 101 | AO66: =ROUND(AN66/2,0) -> 51 | AQ66: 10 | AR66: 7 | AS66: 2.5 | AT66: 9 | AU66: 1 | AV66: 11.5 | AW66: 3 | AX66: 18 | AY66: =ROUND(SUM(AQ66,AU66),0) -> 11 | AZ66: =ROUND(SUM(AR66,AV66),0) -> 19 | BA66: =ROUND(SUM(AS66,AW66),0) -> 6 | BB66: 11 | BC66: =ROUND(AT66+AX66,0) -> 27 | BD66: =ROUND(SUM(AY66:BC66),0) -> 74 | BE66: =ROUND(BD66/2,0) -> 37 | BO66: A | BP66: A | BQ66: =J66+R66+Z66+AH66+AP66+BF66 -> 0 | BR66: =ROUND(I66+Q66+Y66+AG66+AO66+BE66,0) -> 320 | BS66: =BR66/6 -> 53.333333 | BT66: =IF(BS66>=75,"GRADE I with Distinction",IF(BS66>=60,"GRADE I",IF(BS66>=45,"GRADE II",IF(BS66>=35,"PASS","FAIL")))) -> GRADE II
A67: 62 | B67: NIALL TITTO | C67: 17 | D67: 21 | E67: 16 | F67: 17 | G67: 53 | H67: =ROUND(SUM(C67:G67),0) -> 124 | I67: =ROUND(H67/2,0) -> 62 | K67: 14 | L67: 30 | M67: 16 | N67: 15 | O67: 40 | P67: =ROUND(SUM(K67:O67),0) -> 115 | Q67: =ROUND(P67/2,0) -> 58 | S67: 14 | T67: 38 | U67: 14 | V67: 13 | W67: 56 | X67: =ROUND(SUM(S67:W67),0) -> 135 | Y67: =ROUND(X67/2,0) -> 68 | AA67: 18 | AB67: 20 | AC67: 11 | AD67: 16 | AE67: 27 | AF67: =ROUND(SUM(AA67:AE67),0) -> 92 | AG67: =ROUND(AF67/2,0) -> 46 | AI67: 15 | AJ67: 29 | AK67: 14 | AL67: 15 | AM67: 45 | AN67: =ROUND(SUM(AI67:AM67),0) -> 118 | AO67: =ROUND(AN67/2,0) -> 59 | AQ67: 10 | AR67: 14 | AS67: 4 | AT67: 28 | AU67: 6 | AV67: 14.5 | AW67: 5 | AX67: 25 | AY67: =ROUND(SUM(AQ67,AU67),0) -> 16 | AZ67: =ROUND(SUM(AR67,AV67),0) -> 29 | BA67: =ROUND(SUM(AS67,AW67),0) -> 9 | BB67: 15 | BC67: =ROUND(AT67+AX67,0) -> 53 | BD67: =ROUND(SUM(AY67:BC67),0) -> 122 | BE67: =ROUND(BD67/2,0) -> 61 | BO67: A | BP67: A | BQ67: =J67+R67+Z67+AH67+AP67+BF67 -> 0 | BR67: =ROUND(I67+Q67+Y67+AG67+AO67+BE67,0) -> 354 | BS67: =BR67/6 -> 59 | BT67: =IF(BS67>=75,"GRADE I with Distinction",IF(BS67>=60,"GRADE I",IF(BS67>=45,"GRADE II",IF(BS67>=35,"PASS","FAIL")))) -> GRADE II
A68: 63 | B68: NIRMAL NITINKUMAR GYANCHANDRA | C68: 10 | D68: 20 | E68: 13 | F68: 15 | G68: 46 | H68: =ROUND(SUM(C68:G68),0) -> 104 | I68: =ROUND(H68/2,0) -> 52 | K68: 15 | L68: 32 | M68: 13 | N68: 13 | O68: 41 | P68: =ROUND(SUM(K68:O68),0) -> 114 | Q68: =ROUND(P68/2,0) -> 57 | S68: 18 | T68: 38 | U68: 12 | V68: 17 | W68: 49 | X68: =ROUND(SUM(S68:W68),0) -> 134 | Y68: =ROUND(X68/2,0) -> 67 | AA68: 18 | AB68: 25 | AC68: 13 | AD68: 16 | AE68: 39 | AF68: =ROUND(SUM(AA68:AE68),0) -> 111 | AG68: =ROUND(AF68/2,0) -> 56 | AI68: 11 | AJ68: 40 | AK68: 10 | AL68: 16 | AM68: 50 | AN68: =ROUND(SUM(AI68:AM68),0) -> 127 | AO68: =ROUND(AN68/2,0) -> 64 | AQ68: 9 | AR68: 14 | AS68: 4.5 | AT68: 9 | AU68: 4 | AV68: 11.5 | AW68: 4 | AX68: 17 | AY68: =ROUND(SUM(AQ68,AU68),0) -> 13 | AZ68: =ROUND(SUM(AR68,AV68),0) -> 26 | BA68: =ROUND(SUM(AS68,AW68),0) -> 9 | BB68: 11 | BC68: =ROUND(AT68+AX68,0) -> 26 | BD68: =ROUND(SUM(AY68:BC68),0) -> 85 | BE68: =ROUND(BD68/2,0) -> 43 | BO68: A | BP68: A | BQ68: =J68+R68+Z68+AH68+AP68+BF68 -> 0 | BR68: =ROUND(I68+Q68+Y68+AG68+AO68+BE68,0) -> 339 | BS68: =BR68/6 -> 56.5 | BT68: =IF(BS68>=75,"GRADE I with Distinction",IF(BS68>=60,"GRADE I",IF(BS68>=45,"GRADE II",IF(BS68>=35,"PASS","FAIL")))) -> GRADE II
A69: 64 | B69: NISREEN HUZEFA POONAWALA | C69: 16 | D69: 32 | E69: 17 | F69: 13 | G69: 55 | H69: =ROUND(SUM(C69:G69),0) -> 133 | I69: =ROUND(H69/2,0) -> 67 | K69: 12 | L69: 33 | M69: 14 | N69: 14 | O69: 40 | P69: =ROUND(SUM(K69:O69),0) -> 113 | Q69: =ROUND(P69/2,0) -> 57 | S69: 23 | T69: 37 | U69: 18 | V69: 18 | W69: 57 | X69: =ROUND(SUM(S69:W69),0) -> 153 | Y69: =ROUND(X69/2,0) -> 77 | AA69: 19 | AB69: 27 | AC69: 9 | AD69: 11 | AE69: 30 | AF69: =ROUND(SUM(AA69:AE69),0) -> 96 | AG69: =ROUND(AF69/2,0) -> 48 | AI69: 18 | AJ69: 39 | AK69: 11 | AL69: 17 | AM69: 64 | AN69: =ROUND(SUM(AI69:AM69),0) -> 149 | AO69: =ROUND(AN69/2,0) -> 75 | AQ69: 10 | AR69: 13 | AS69: 5 | AT69: 21 | AU69: 6 | AV69: 14.5 | AW69: 5 | AX69: 27 | AY69: =ROUND(SUM(AQ69,AU69),0) -> 16 | AZ69: =ROUND(SUM(AR69,AV69),0) -> 28 | BA69: =ROUND(SUM(AS69,AW69),0) -> 10 | BB69: 15 | BC69: =ROUND(AT69+AX69,0) -> 48 | BD69: =ROUND(SUM(AY69:BC69),0) -> 117 | BE69: =ROUND(BD69/2,0) -> 59 | BO69: A | BP69: A | BQ69: =J69+R69+Z69+AH69+AP69+BF69 -> 0 | BR69: =ROUND(I69+Q69+Y69+AG69+AO69+BE69,0) -> 383 | BS69: =BR69/6 -> 63.833333 | BT69: =IF(BS69>=75,"GRADE I with Distinction",IF(BS69>=60,"GRADE I",IF(BS69>=45,"GRADE II",IF(BS69>=35,"PASS","FAIL")))) -> GRADE I
A70: 65 | B70: NIVED T M MURALI T N | C70: 15 | D70: 26 | E70: 16 | F70: 13 | G70: 49 | H70: =ROUND(SUM(C70:G70),0) -> 119 | I70: =ROUND(H70/2,0) -> 60 | K70: 16 | L70: 31 | M70: 16 | N70: 14 | O70: 37 | P70: =ROUND(SUM(K70:O70),0) -> 114 | Q70: =ROUND(P70/2,0) -> 57 | S70: 13 | T70: 34 | U70: 16 | V70: 17 | W70: 43 | X70: =ROUND(SUM(S70:W70),0) -> 123 | Y70: =ROUND(X70/2,0) -> 62 | AA70: 21 | AB70: 18 | AC70: 13 | AD70: 14 | AE70: 26 | AF70: =ROUND(SUM(AA70:AE70),0) -> 92 | AG70: =ROUND(AF70/2,0) -> 46 | AI70: 11 | AJ70: 31 | AK70: 9 | AL70: 17 | AM70: 54 | AN70: =ROUND(SUM(AI70:AM70),0) -> 122 | AO70: =ROUND(AN70/2,0) -> 61 | AQ70: 12 | AR70: 19 | AS70: 7 | AT70: 22 | AU70: 5.5 | AV70: 19.5 | AW70: 6 | AX70: 23 | AY70: =ROUND(SUM(AQ70,AU70),0) -> 18 | AZ70: =ROUND(SUM(AR70,AV70),0) -> 39 | BA70: =ROUND(SUM(AS70,AW70),0) -> 13 | BB70: 12 | BC70: =ROUND(AT70+AX70,0) -> 45 | BD70: =ROUND(SUM(AY70:BC70),0) -> 127 | BE70: =ROUND(BD70/2,0) -> 64 | BO70: A | BP70: B | BQ70: =J70+R70+Z70+AH70+AP70+BF70 -> 0 | BR70: =ROUND(I70+Q70+Y70+AG70+AO70+BE70,0) -> 350 | BS70: =BR70/6 -> 58.333333 | BT70: =IF(BS70>=75,"GRADE I with Distinction",IF(BS70>=60,"GRADE I",IF(BS70>=45,"GRADE II",IF(BS70>=35,"PASS","FAIL")))) -> GRADE II
A71: 66 | B71: PATIL CHINMAYI RAJENDRA | C71: 16 | D71: 21 | E71: 14 | F71: 18 | G71: 43 | H71: =ROUND(SUM(C71:G71),0) -> 112 | I71: =ROUND(H71/2,0) -> 56 | K71: 13 | L71: 21 | M71: 12 | N71: 14 | O71: 31 | P71: =ROUND(SUM(K71:O71),0) -> 91 | Q71: =ROUND(P71/2,0) -> 46 | S71: 16 | T71: 31 | U71: 16 | V71: 18 | W71: 51 | X71: =ROUND(SUM(S71:W71),0) -> 132 | Y71: =ROUND(X71/2,0) -> 66 | AA71: 16 | AB71: 23 | AC71: 11 | AD71: 13 | AE71: 34 | AF71: =ROUND(SUM(AA71:AE71),0) -> 97 | AG71: =ROUND(AF71/2,0) -> 49 | AI71: 17 | AJ71: 37 | AK71: 13 | AL71: 19 | AM71: 43 | AN71: =ROUND(SUM(AI71:AM71),0) -> 129 | AO71: =ROUND(AN71/2,0) -> 65 | AQ71: 11 | AR71: 6 | AS71: 3 | AT71: 15 | AU71: 4 | AV71: 6 | AW71: 2.5 | AX71: 15 | AY71: =ROUND(SUM(AQ71,AU71),0) -> 15 | AZ71: =ROUND(SUM(AR71,AV71),0) -> 12 | BA71: =ROUND(SUM(AS71,AW71),0) -> 6 | BB71: 7 | BC71: =ROUND(AT71+AX71,0) -> 30 | BD71: =ROUND(SUM(AY71:BC71),0) -> 70 | BE71: =ROUND(BD71/2,0) -> 35 | BO71: A | BP71: A | BQ71: =J71+R71+Z71+AH71+AP71+BF71 -> 0 | BR71: =ROUND(I71+Q71+Y71+AG71+AO71+BE71,0) -> 317 | BS71: =BR71/6 -> 52.833333 | BT71: =IF(BS71>=75,"GRADE I with Distinction",IF(BS71>=60,"GRADE I",IF(BS71>=45,"GRADE II",IF(BS71>=35,"PASS","FAIL")))) -> GRADE II
A72: 67 | B72: PATIL SAEE AMOL | C72: 12 | D72: 21 | E72: 13 | F72: 18 | G72: 46 | H72: =ROUND(SUM(C72:G72),0) -> 110 | I72: =ROUND(H72/2,0) -> 55 | K72: 17 | L72: 32 | M72: 11 | N72: 14 | O72: 42 | P72: =ROUND(SUM(K72:O72),0) -> 116 | Q72: =ROUND(P72/2,0) -> 58 | S72: 15 | T72: 31 | U72: 10 | V72: 11 | W72: 39 | X72: =ROUND(SUM(S72:W72),0) -> 106 | Y72: =ROUND(X72/2,0) -> 53 | AA72: 10 | AB72: 28 | AC72: 7 | AD72: 6 | AE72: 26 | AF72: =ROUND(SUM(AA72:AE72),0) -> 77 | AG72: =ROUND(AF72/2,0) -> 39 | AI72: 14 | AJ72: 38 | AK72: 12 | AL72: 15 | AM72: 44 | AN72: =ROUND(SUM(AI72:AM72),0) -> 123 | AO72: =ROUND(AN72/2,0) -> 62 | AQ72: 12 | AR72: 21 | AS72: 4.5 | AT72: 20 | AU72: 5 | AV72: 10 | AW72: 5 | AX72: 18 | AY72: =ROUND(SUM(AQ72,AU72),0) -> 17 | AZ72: =ROUND(SUM(AR72,AV72),0) -> 31 | BA72: =ROUND(SUM(AS72,AW72),0) -> 10 | BB72: 10 | BC72: =ROUND(AT72+AX72,0) -> 38 | BD72: =ROUND(SUM(AY72:BC72),0) -> 106 | BE72: =ROUND(BD72/2,0) -> 53 | BO72: A | BP72: A | BQ72: =J72+R72+Z72+AH72+AP72+BF72 -> 0 | BR72: =ROUND(I72+Q72+Y72+AG72+AO72+BE72,0) -> 320 | BS72: =BR72/6 -> 53.333333 | BT72: =IF(BS72>=75,"GRADE I with Distinction",IF(BS72>=60,"GRADE I",IF(BS72>=45,"GRADE II",IF(BS72>=35,"PASS","FAIL")))) -> GRADE II
A73: 68 | B73: PATTEM PRACHI LOKNATH | C73: 7 | D73: 12 | E73: 7 | F73: 18 | G73: 26 | H73: =ROUND(SUM(C73:G73),0) -> 70 | I73: =ROUND(H73/2,0) -> 35 | K73: 9 | L73: 24 | M73: 12 | N73: 14 | O73: 34 | P73: =ROUND(SUM(K73:O73),0) -> 93 | Q73: =ROUND(P73/2,0) -> 47 | S73: 12 | T73: 21 | U73: 10 | V73: 14 | W73: 34 | X73: =ROUND(SUM(S73:W73),0) -> 91 | Y73: =ROUND(X73/2,0) -> 46 | AA73: 8 | AB73: 6 | AC73: 4 | AD73: 16 | AE73: 22 | AF73: =ROUND(SUM(AA73:AE73),0) -> 56 | AG73: =ROUND(AF73/2,0) -> 28 | AH73: 7 | AI73: 11 | AJ73: 22 | AK73: 12 | AL73: 18 | AM73: 34 | AN73: =ROUND(SUM(AI73:AM73),0) -> 97 | AO73: =ROUND(AN73/2,0) -> 49 | AQ73: 4 | AR73: 5 | AS73: 2.5 | AT73: 15 | AU73: 2 | AV73: 5 | AW73: 3 | AX73: 12 | AY73: =ROUND(SUM(AQ73,AU73),0) -> 6 | AZ73: =ROUND(SUM(AR73,AV73),0) -> 10 | BA73: =ROUND(SUM(AS73,AW73),0) -> 6 | BB73: 5 | BC73: =ROUND(AT73+AX73,0) -> 27 | BD73: =ROUND(SUM(AY73:BC73),0) -> 54 | BE73: =ROUND(BD73/2,0) -> 27 | BF73: 8 | BO73: A | BP73: B | BQ73: =J73+R73+Z73+AH73+AP73+BF73 -> 15 | BR73: =ROUND(I73+Q73+Y73+AG73+AO73+BE73,0) -> 232 | BS73: =BR73/6 -> 38.666667 | BT73: PROMOTED
A74: 69 | B74: PAWAR ISHANT VINOD | C74: 12 | D74: 16 | E74: 11 | F74: 14 | G74: 45 | H74: =ROUND(SUM(C74:G74),0) -> 98 | I74: =ROUND(H74/2,0) -> 49 | K74: 16 | L74: 34 | M74: 14 | N74: 14 | O74: 49 | P74: =ROUND(SUM(K74:O74),0) -> 127 | Q74: =ROUND(P74/2,0) -> 64 | S74: 15 | T74: 27 | U74: 16 | V74: 17 | W74: 53 | X74: =ROUND(SUM(S74:W74),0) -> 128 | Y74: =ROUND(X74/2,0) -> 64 | AA74: 15 | AB74: 22 | AC74: 15 | AD74: 18 | AE74: 39 | AF74: =ROUND(SUM(AA74:AE74),0) -> 109 | AG74: =ROUND(AF74/2,0) -> 55 | AI74: 22 | AJ74: 28 | AK74: 11 | AL74: 19 | AM74: 52 | AN74: =ROUND(SUM(AI74:AM74),0) -> 132 | AO74: =ROUND(AN74/2,0) -> 66 | AQ74: 9 | AR74: 21.5 | AS74: 4 | AT74: 12 | AU74: 2 | AV74: 11 | AW74: 3.5 | AX74: 19 | AY74: =ROUND(SUM(AQ74,AU74),0) -> 11 | AZ74: =ROUND(SUM(AR74,AV74),0) -> 33 | BA74: =ROUND(SUM(AS74,AW74),0) -> 8 | BB74: 13 | BC74: =ROUND(AT74+AX74,0) -> 31 | BD74: =ROUND(SUM(AY74:BC74),0) -> 96 | BE74: =ROUND(BD74/2,0) -> 48 | BO74: A | BP74: A | BQ74: =J74+R74+Z74+AH74+AP74+BF74 -> 0 | BR74: =ROUND(I74+Q74+Y74+AG74+AO74+BE74,0) -> 346 | BS74: =BR74/6 -> 57.666667 | BT74: =IF(BS74>=75,"GRADE I with Distinction",IF(BS74>=60,"GRADE I",IF(BS74>=45,"GRADE II",IF(BS74>=35,"PASS","FAIL")))) -> GRADE II
A75: 70 | B75: POOJARI MEGHANA GOPAL | C75: 12 | D75: 16 | E75: 14 | F75: 16 | G75: 50 | H75: =ROUND(SUM(C75:G75),0) -> 108 | I75: =ROUND(H75/2,0) -> 54 | K75: 14 | L75: 26 | M75: 13 | N75: 15 | O75: 35 | P75: =ROUND(SUM(K75:O75),0) -> 103 | Q75: =ROUND(P75/2,0) -> 52 | S75: 17 | T75: 30 | U75: 17 | V75: 11 | W75: 50 | X75: =ROUND(SUM(S75:W75),0) -> 125 | Y75: =ROUND(X75/2,0) -> 63 | AA75: 15 | AB75: 16 | AC75: 12 | AD75: 15 | AE75: 23 | AF75: =ROUND(SUM(AA75:AE75),0) -> 81 | AG75: =ROUND(AF75/2,0) -> 41 | AI75: 9 | AJ75: 31 | AK75: 15 | AL75: 18 | AM75: 47 | AN75: =ROUND(SUM(AI75:AM75),0) -> 120 | AO75: =ROUND(AN75/2,0) -> 60 | AQ75: 8 | AR75: 9 | AS75: 3 | AT75: 10 | AU75: 7 | AV75: 9.5 | AW75: 5 | AX75: 11 | AY75: =ROUND(SUM(AQ75,AU75),0) -> 15 | AZ75: =ROUND(SUM(AR75,AV75),0) -> 19 | BA75: =ROUND(SUM(AS75,AW75),0) -> 8 | BB75: 6 | BC75: =ROUND(AT75+AX75,0) -> 21 | BD75: =ROUND(SUM(AY75:BC75),0) -> 69 | BE75: =ROUND(BD75/2,0) -> 35 | BO75: A | BP75: A | BQ75: =J75+R75+Z75+AH75+AP75+BF75 -> 0 | BR75: =ROUND(I75+Q75+Y75+AG75+AO75+BE75,0) -> 305 | BS75: =BR75/6 -> 50.833333 | BT75: =IF(BS75>=75,"GRADE I with Distinction",IF(BS75>=60,"GRADE I",IF(BS75>=45,"GRADE II",IF(BS75>=35,"PASS","FAIL")))) -> GRADE II
A76: 71 | B76: POOJARI SUJIT SADANAND | C76: 6 | D76: 14 | E76: 10 | F76: 12 | G76: 33 | H76: =ROUND(SUM(C76:G76),0) -> 75 | I76: =ROUND(H76/2,0) -> 38 | K76: 13 | L76: 19 | M76: 10 | N76: 14 | O76: 29 | P76: =ROUND(SUM(K76:O76),0) -> 85 | Q76: =ROUND(P76/2,0) -> 43 | S76: 6 | T76: 16 | U76: 6 | V76: 14 | W76: 22 | X76: =ROUND(SUM(S76:W76),0) -> 64 | Y76: =ROUND(X76/2,0) -> 32 | Z76: 3 | AA76: 14 | AB76: 15 | AC76: 10 | AD76: 11 | AE76: 27 | AF76: =ROUND(SUM(AA76:AE76),0) -> 77 | AG76: =ROUND(AF76/2,0) -> 39 | AI76: 4 | AJ76: 10 | AK76: 6 | AL76: 12 | AM76: 34 | AN76: =ROUND(SUM(AI76:AM76),0) -> 66 | AO76: =ROUND(AN76/2,0) -> 33 | AP76: 2 | AQ76: 6 | AR76: 5 | AS76: 0 | AT76: 6 | AU76: 1 | AV76: 8 | AW76: 1 | AX76: 12 | AY76: =ROUND(SUM(AQ76,AU76),0) -> 7 | AZ76: =ROUND(SUM(AR76,AV76),0) -> 13 | BA76: =ROUND(SUM(AS76,AW76),0) -> 1 | BB76: 10 | BC76: =ROUND(AT76+AX76,0) -> 18 | BD76: =ROUND(SUM(AY76:BC76),0) -> 49 | BE76: =ROUND(BD76/2,0) -> 25 | BF76: 10 | BO76: A | BP76: B | BQ76: =J76+R76+Z76+AH76+AP76+BF76 -> 15 | BR76: =ROUND(I76+Q76+Y76+AG76+AO76+BE76,0) -> 210 | BS76: =BR76/6 -> 35 | BT76: PROMOTED
A77: 72 | B77: POOJARI SUMIT SADANAND | C77: 11 | D77: 18 | E77: 11 | F77: 14 | G77: 35 | H77: =ROUND(SUM(C77:G77),0) -> 89 | I77: =ROUND(H77/2,0) -> 45 | K77: 14 | L77: 20 | M77: 14 | N77: 12 | O77: 29 | P77: =ROUND(SUM(K77:O77),0) -> 89 | Q77: =ROUND(P77/2,0) -> 45 | S77: 12 | T77: 23 | U77: 12 | V77: 13 | W77: 33 | X77: =ROUND(SUM(S77:W77),0) -> 93 | Y77: =ROUND(X77/2,0) -> 47 | AA77: 18 | AB77: 17 | AC77: 12 | AD77: 15 | AE77: 34 | AF77: =ROUND(SUM(AA77:AE77),0) -> 96 | AG77: =ROUND(AF77/2,0) -> 48 | AI77: 8 | AJ77: 21 | AK77: 7 | AL77: 12 | AM77: 39 | AN77: =ROUND(SUM(AI77:AM77),0) -> 87 | AO77: =ROUND(AN77/2,0) -> 44 | AQ77: 9 | AR77: 6 | AS77: 1 | AT77: 8 | AU77: 5.5 | AV77: 7 | AW77: 1 | AX77: 9 | AY77: =ROUND(SUM(AQ77,AU77),0) -> 15 | AZ77: =ROUND(SUM(AR77,AV77),0) -> 13 | BA77: =ROUND(SUM(AS77,AW77),0) -> 2 | BB77: 12 | BC77: =ROUND(AT77+AX77,0) -> 17 | BD77: =ROUND(SUM(AY77:BC77),0) -> 59 | BE77: =ROUND(BD77/2,0) -> 30 | BF77: 5 | BO77: A | BP77: A | BQ77: =J77+R77+Z77+AH77+AP77+BF77 -> 5 | BR77: =ROUND(I77+Q77+Y77+AG77+AO77+BE77,0) -> 259 | BS77: =BR77/6 -> 43.166667 | BT77: PROMOTED
